/*
 Navicat Premium Data Transfer

 Source Server         : 100.4.13.1
 Source Server Type    : MySQL
 Source Server Version : 50723
 Source Host           : 100.4.13.1:3306
 Source Schema         : report_data

 Target Server Type    : MySQL
 Target Server Version : 50723
 File Encoding         : 65001

 Date: 27/07/2020 13:44:48
*/
-- ----------------------------
-- 创建默认数据源的数据库report，删除有数据表格的备份库bak
-- ----------------------------
CREATE DATABASE bak;
CREATE DATABASE report;


SET NAMES utf8mb4;
SET FOREIGN_KEY_CHECKS = 0;

-- ----------------------------
-- Table structure for auth_department_info
-- ----------------------------
DROP TABLE IF EXISTS `auth_department_info`;
CREATE TABLE `auth_department_info`  (
  `id` varchar(32) CHARACTER SET utf8 COLLATE utf8_general_ci NOT NULL COMMENT '主键',
  `department_name` varchar(100) CHARACTER SET utf8 COLLATE utf8_general_ci NOT NULL COMMENT '部门名称',
  `status` char(1) CHARACTER SET utf8 COLLATE utf8_general_ci DEFAULT NULL COMMENT '状态，0启用，1停用',
  `department_code` varchar(50) CHARACTER SET utf8 COLLATE utf8_general_ci NOT NULL COMMENT '部门code',
  `parent_department_code` varchar(50) CHARACTER SET utf8 COLLATE utf8_general_ci NOT NULL COMMENT '父级部门code',
  `department_detail` varchar(500) CHARACTER SET utf8 COLLATE utf8_general_ci DEFAULT NULL COMMENT '部门描述',
  `create_time` datetime(0) DEFAULT NULL COMMENT '创建时间',
  `lng` varchar(255) CHARACTER SET utf8 COLLATE utf8_general_ci DEFAULT NULL COMMENT '经度',
  `lat` varchar(255) CHARACTER SET utf8 COLLATE utf8_general_ci DEFAULT NULL COMMENT '纬度',
  `update_time` datetime(0) DEFAULT NULL COMMENT '变更时间',
  `department_type` varchar(255) CHARACTER SET utf8 COLLATE utf8_general_ci DEFAULT NULL COMMENT '部门类型（1:内设机构2:办事处3:专业化机构4:园区运营中心）',
  PRIMARY KEY (`id`) USING BTREE
) ENGINE = InnoDB CHARACTER SET = utf8 COLLATE = utf8_general_ci COMMENT = '部门信息表' ROW_FORMAT = Dynamic;

-- ----------------------------
-- Records of auth_department_info
-- ----------------------------
INSERT INTO `auth_department_info` VALUES ('2', '根部门', '0', '1', '0', '根部门', NULL, '113.573424', '34.817501', '2020-07-27 10:41:33', NULL);

-- ----------------------------
-- Table structure for auth_department_location
-- ----------------------------
DROP TABLE IF EXISTS `auth_department_location`;
CREATE TABLE `auth_department_location`  (
  `id` varchar(32) CHARACTER SET utf8 COLLATE utf8_general_ci NOT NULL COMMENT '主键',
  `lng` varchar(255) CHARACTER SET utf8 COLLATE utf8_general_ci NOT NULL COMMENT '经度',
  `lat` varchar(255) CHARACTER SET utf8 COLLATE utf8_general_ci NOT NULL COMMENT '纬度'
) ENGINE = InnoDB CHARACTER SET = utf8 COLLATE = utf8_general_ci COMMENT = '部门信息表' ROW_FORMAT = Dynamic;

-- ----------------------------
-- Table structure for auth_menu_info
-- ----------------------------
DROP TABLE IF EXISTS `auth_menu_info`;
CREATE TABLE `auth_menu_info`  (
  `id` varchar(32) CHARACTER SET utf8 COLLATE utf8_general_ci NOT NULL COMMENT '主键',
  `menu_code` varchar(32) CHARACTER SET utf8 COLLATE utf8_general_ci NOT NULL COMMENT '权限code',
  `parent_menu_code` varchar(32) CHARACTER SET utf8 COLLATE utf8_general_ci NOT NULL COMMENT '父级权限code',
  `status` char(1) CHARACTER SET utf8 COLLATE utf8_general_ci DEFAULT NULL COMMENT '状态，0启用，1停用',
  `url` varchar(255) CHARACTER SET utf8 COLLATE utf8_general_ci DEFAULT NULL COMMENT '请求地址',
  `menu_type` char(1) CHARACTER SET utf8 COLLATE utf8_general_ci DEFAULT NULL COMMENT '权限类型，1分类，2功能，3页面',
  `order_number` int(4) DEFAULT NULL COMMENT '显示顺序',
  `create_user` varchar(50) CHARACTER SET utf8 COLLATE utf8_general_ci DEFAULT NULL COMMENT '创建者',
  `create_time` datetime(0) DEFAULT NULL COMMENT '创建时间',
  `update_user` varchar(50) CHARACTER SET utf8 COLLATE utf8_general_ci DEFAULT NULL COMMENT '变更者',
  `update_time` datetime(0) DEFAULT NULL COMMENT '变更时间',
  `remark` varchar(500) CHARACTER SET utf8 COLLATE utf8_general_ci DEFAULT NULL COMMENT '备注',
  `menu_name` varchar(255) CHARACTER SET utf8 COLLATE utf8_general_ci NOT NULL COMMENT '菜单名称',
  `function_type` varchar(1000) CHARACTER SET utf8 COLLATE utf8_general_ci DEFAULT NULL COMMENT '功能类型，如：ADD,DELETE,QUERY,UPDATE等\r\nDISAGREE  驳回\r\nAGREE       同意\r\nCANCEL     取消\r\nCHANGE_HEAD_PORTRAIL  更换头像\r\nURGE        催办\r\nTEST         测试\r\nDELETE     删除\r\nCOLLECTION   收藏\r\nSUBSCRIPTION   订阅\r\nADD         添加\r\nUPDATE    编辑\r\nSUBMIT    提交\r\nDEATIL     查看详情\r\nREST        重置\r\nADD_INTERFACE   新增接口',
  PRIMARY KEY (`id`) USING BTREE,
  UNIQUE INDEX `idx_menu_code`(`menu_code`) USING BTREE,
  INDEX `idx_parent_menu_code`(`parent_menu_code`) USING BTREE
) ENGINE = InnoDB CHARACTER SET = utf8 COLLATE = utf8_general_ci COMMENT = '权限信息表' ROW_FORMAT = Dynamic;

-- ----------------------------
-- Records of auth_menu_info
-- ----------------------------
INSERT INTO `auth_menu_info` VALUES ('1', '100', '0', '0', '', '1', 1, NULL, NULL, NULL, '2019-01-16 17:26:40', '这是根----', '根权限节点', '');
INSERT INTO `auth_menu_info` VALUES ('1025762620015792099', '100001021001', '100001021', '0', NULL, '3', NULL, 'admin', '2020-03-18 16:01:52', NULL, '2020-03-18 16:01:52', 'DITaskManagement', 'DI任务管理', NULL);
INSERT INTO `auth_menu_info` VALUES ('1051290230906175900', '100008003006001', '100008003006', '0', NULL, '3', NULL, 'admin', '2019-04-03 16:10:05', NULL, '2019-04-03 16:10:05', 'handleAdvice', '咨询建议', NULL);
INSERT INTO `auth_menu_info` VALUES ('1121233539027518202', '100001012003', '100001012', '0', NULL, '3', NULL, 'admin', '2020-05-28 14:10:49', NULL, '2020-05-28 14:10:49', 'logManagementOperation', '操作日志', NULL);
INSERT INTO `auth_menu_info` VALUES ('1237317529749075967', '100004004001', '100004004', '0', NULL, '3', NULL, 'admin', '2019-12-11 11:39:34', NULL, '2019-12-11 11:39:34', 'companyProfileResult', '企业画像详情', NULL);
INSERT INTO `auth_menu_info` VALUES ('124479994037711546', '100001001', '100001', '0', NULL, '3', NULL, 'admin', '2020-07-27 11:18:06', NULL, '2020-07-27 11:18:06', 'roleManagement', '角色管理', NULL);
INSERT INTO `auth_menu_info` VALUES ('1366705354371283392', '100018001001', '100018001', '0', NULL, '3', NULL, 'admin', '2019-11-08 19:03:21', NULL, '2019-11-08 19:03:21', 'dataReport', '数据填报', NULL);
INSERT INTO `auth_menu_info` VALUES ('1556790252331814705', '100001009001003', '100001009001', '0', NULL, '3', NULL, 'admin', '2019-07-19 10:27:47', NULL, '2019-07-19 10:27:47', 'dataCatalog', '数据目录列表', NULL);
INSERT INTO `auth_menu_info` VALUES ('1736456556844007056', '100006004002', '100006004', '0', NULL, '3', NULL, 'admin', '2019-04-03 15:29:00', NULL, '2019-04-03 15:29:00', 'departmentInfoDetail', '部门动态详情', NULL);
INSERT INTO `auth_menu_info` VALUES ('1755319667590085441', '100007004001', '100007004', '0', NULL, '3', NULL, 'admin', '2019-04-03 15:30:56', NULL, '2019-04-03 15:30:56', 'callUs', '联系我们页面', NULL);
INSERT INTO `auth_menu_info` VALUES ('1772032025269354327', '100001019005', '100001019', '0', NULL, '3', NULL, 'admin', '2020-03-18 16:01:09', NULL, '2020-03-18 16:01:09', 'sourceSystemList', '源系统列表', NULL);
INSERT INTO `auth_menu_info` VALUES ('1772138810830964637', '100009001', '100009', '0', NULL, '3', NULL, 'admin', '2020-07-27 11:20:53', NULL, '2020-07-27 11:20:53', 'organManagement', '组织机构', NULL);
INSERT INTO `auth_menu_info` VALUES ('1843252686219923250', '100001017001', '100001017', '0', NULL, '3', NULL, 'admin', '2020-03-18 15:58:46', NULL, '2020-03-18 15:58:46', 'dataMarketManagement', '数据集市', NULL);
INSERT INTO `auth_menu_info` VALUES ('1866244166015172004', '100004001003', '100004001', '0', NULL, '3', NULL, 'admin', '2019-04-03 15:21:06', NULL, '2019-04-03 15:21:06', 'historyDetail', '历史详情', NULL);
INSERT INTO `auth_menu_info` VALUES ('1967377424285060058', '100001007001', '100001007', '0', NULL, '3', NULL, 'lixiwang', '2019-04-16 10:42:45', NULL, '2019-04-16 10:42:45', 'permissionConfig', '菜单管理页面', NULL);
INSERT INTO `auth_menu_info` VALUES ('20200727111806431', '100001', '100', '0', NULL, '2', NULL, 'admin', '2020-07-27 11:18:06', NULL, NULL, NULL, '角色管理', NULL);
INSERT INTO `auth_menu_info` VALUES ('20200727111958981', '100003', '100', '0', NULL, '2', NULL, 'admin', '2020-07-27 11:19:59', 'admin', '2020-07-27 11:25:35', NULL, '数据总览', NULL);
INSERT INTO `auth_menu_info` VALUES ('20200727112014707', '100005', '100', '0', NULL, '2', NULL, 'admin', '2020-07-27 11:20:15', NULL, NULL, NULL, '数据填报', NULL);
INSERT INTO `auth_menu_info` VALUES ('20200727112033267', '100007', '100', '0', NULL, '2', NULL, 'admin', '2020-07-27 11:20:33', NULL, NULL, NULL, '表格管理', NULL);
INSERT INTO `auth_menu_info` VALUES ('20200727112053414', '100009', '100', '0', NULL, '2', NULL, 'admin', '2020-07-27 11:20:53', NULL, NULL, NULL, '组织机构', NULL);
INSERT INTO `auth_menu_info` VALUES ('20200727112121908', '100011', '100', '0', NULL, '2', NULL, 'admin', '2020-07-27 11:21:22', NULL, NULL, NULL, '用户管理', NULL);
INSERT INTO `auth_menu_info` VALUES ('20200727112139721', '100013', '100', '0', NULL, '2', NULL, 'admin', '2020-07-27 11:21:40', NULL, NULL, NULL, '个人资料', NULL);
INSERT INTO `auth_menu_info` VALUES ('20200727112227566', '100015', '100', '0', NULL, '2', NULL, 'admin', '2020-07-27 11:22:28', NULL, NULL, NULL, '菜单管理', NULL);
INSERT INTO `auth_menu_info` VALUES ('2056055595187719395', '100001002001', '100001002', '0', NULL, '3', NULL, 'lixiwang', '2019-04-12 10:01:14', NULL, '2019-04-12 10:01:14', 'dicData', '字典配置页面', NULL);
INSERT INTO `auth_menu_info` VALUES ('2138697946083838659', '100001019001', '100001019', '0', NULL, '3', NULL, 'admin', '2020-03-18 16:01:09', NULL, '2020-03-18 16:01:09', 'sourceSystemManagement', '源系统管理', NULL);
INSERT INTO `auth_menu_info` VALUES ('226466128340236914', '100001012001', '100001012', '0', NULL, '3', NULL, 'admin', '2020-05-28 14:10:49', NULL, '2020-05-28 14:10:49', 'logManagementLogin', '登陆日志', NULL);
INSERT INTO `auth_menu_info` VALUES ('2308548208023651004', '100003001', '100003', '0', NULL, '3', NULL, 'admin', '2020-07-27 11:25:35', NULL, '2020-07-27 11:25:35', 'dataOverview', '数据总览', NULL);
INSERT INTO `auth_menu_info` VALUES ('2380082858891523683', '100001001001', '100001001', '0', NULL, '3', NULL, 'admin', '2019-04-10 11:37:11', NULL, '2019-04-10 11:37:11', 'organManagement', '组织机构页面', NULL);
INSERT INTO `auth_menu_info` VALUES ('2441354183481277166', '100008003002001', '100008003002', '0', NULL, '3', NULL, 'admin', '2019-04-03 16:08:36', NULL, '2019-04-03 16:08:36', 'handleData', '数据申请页面', NULL);
INSERT INTO `auth_menu_info` VALUES ('2686937844529541540', '100001006001', '100001006', '0', NULL, '3', NULL, 'lixiwang', '2019-04-04 11:21:48', NULL, '2019-04-04 11:21:48', 'flowManagement', '流程管理页面', NULL);
INSERT INTO `auth_menu_info` VALUES ('3182360816858450965', '100020001005', '100020001', '0', NULL, '3', NULL, 'admin', '2020-05-18 18:19:56', NULL, '2020-05-18 18:19:56', 'shareManager', '订阅管理', NULL);
INSERT INTO `auth_menu_info` VALUES ('3230889564309701041', '100001013001003', '100001013001', '0', NULL, '3', NULL, 'admin', '2019-06-18 14:19:55', NULL, '2019-06-18 14:19:55', 'policiesManagement', '政策解读管理页面', NULL);
INSERT INTO `auth_menu_info` VALUES ('3315802887301478051', '100001009002007', '100001009002', '0', NULL, '3', NULL, 'admin', '2019-04-08 13:51:26', NULL, '2019-04-08 13:51:26', 'applyInterface', '个人中心-我的申请-接口订阅', NULL);
INSERT INTO `auth_menu_info` VALUES ('3496402492864443512', '100001009001001', '100001009001', '0', NULL, '3', NULL, 'admin', '2019-07-19 10:27:47', NULL, '2019-07-19 10:27:47', 'myCollection', '个人中心-我的收藏', NULL);
INSERT INTO `auth_menu_info` VALUES ('36487833798199349', '100006002002', '100006002', '0', NULL, '3', NULL, 'admin', '2019-04-03 15:27:46', NULL, '2019-04-03 15:27:46', 'policiesDetails', '政策解读详情', NULL);
INSERT INTO `auth_menu_info` VALUES ('3664391910584135770', '100001013009001', '100001013009', '0', NULL, '3', NULL, 'admin', '2019-06-17 16:59:01', NULL, '2019-06-17 16:59:01', 'templateManagement', '模板管理页面', NULL);
INSERT INTO `auth_menu_info` VALUES ('3674357057118621503', '100004001002', '100004001', '0', NULL, '3', NULL, 'admin', '2019-04-03 15:21:06', NULL, '2019-04-03 15:21:06', 'companyResult', '文档结果', NULL);
INSERT INTO `auth_menu_info` VALUES ('3890306148964939503', '100001013013001', '100001013013', '0', NULL, '3', NULL, 'admin', '2019-08-01 14:53:44', NULL, '2019-08-01 14:53:44', 'specialDataWriteManagement', '轻资产填报', NULL);
INSERT INTO `auth_menu_info` VALUES ('3933121570596502659', '100006003001', '100006003', '0', NULL, '3', NULL, 'admin', '2019-04-03 15:28:34', NULL, '2019-04-03 15:28:34', 'districtNews', '区内动态页面', NULL);
INSERT INTO `auth_menu_info` VALUES ('4188590488886528740', '100020001001', '100020001', '0', NULL, '3', NULL, 'admin', '2020-05-18 18:19:56', NULL, '2020-05-18 18:19:56', 'subscriptionManager', '部门订阅', NULL);
INSERT INTO `auth_menu_info` VALUES ('4497660026498299693', '100007001', '100007', '0', NULL, '3', NULL, 'admin', '2020-07-27 11:20:33', NULL, '2020-07-27 11:20:33', 'templateManagement', '表格管理', NULL);
INSERT INTO `auth_menu_info` VALUES ('4679758857216934961', '100006004001', '100006004', '0', NULL, '3', NULL, 'admin', '2019-04-03 15:29:00', NULL, '2019-04-03 15:29:00', 'departmentInfo', '部门动态页面', NULL);
INSERT INTO `auth_menu_info` VALUES ('4686706268666705755', '100004004003', '100004004', '0', NULL, '3', NULL, 'admin', '2019-12-11 11:39:34', NULL, '2019-12-11 11:39:34', 'companyProfileSearch', '企业画像搜索结果', NULL);
INSERT INTO `auth_menu_info` VALUES ('4890978951797492207', '100008003001001', '100008003001', '0', NULL, '3', NULL, 'admin', '2019-07-22 18:04:11', NULL, '2019-07-22 18:04:11', 'handleInterface', '目录资源审批页面', NULL);
INSERT INTO `auth_menu_info` VALUES ('5086186471664563466', '100004002001', '100004002', '0', NULL, '3', NULL, 'admin', '2019-04-03 15:21:46', NULL, '2019-04-03 15:21:46', 'imageRecognition', '图片文本识别页面', NULL);
INSERT INTO `auth_menu_info` VALUES ('5265688260728174220', '100006001002', '100006001', '0', NULL, '3', NULL, 'admin', '2019-04-03 15:27:11', NULL, '2019-04-03 15:27:11', 'noticeDetail', '内部公告详情页面', NULL);
INSERT INTO `auth_menu_info` VALUES ('5506068564749140816', '100022005001', '100022005', '0', NULL, '3', NULL, 'admin', '2020-05-28 14:09:38', NULL, '2020-05-28 14:09:38', 'interfaceDetail', '接口详情', NULL);
INSERT INTO `auth_menu_info` VALUES ('5506701286500382326', '100022005003', '100022005', '0', NULL, '3', NULL, 'admin', '2020-05-28 14:09:38', NULL, '2020-05-28 14:09:38', 'interfaceList', '接口概览', NULL);
INSERT INTO `auth_menu_info` VALUES ('5582329436671854015', '100001019003', '100001019', '0', NULL, '3', NULL, 'admin', '2020-03-18 16:01:09', NULL, '2020-03-18 16:01:09', 'interfaceManagement', '接口管理', NULL);
INSERT INTO `auth_menu_info` VALUES ('5826846289529845465', '100001015001', '100001015', '0', NULL, '3', NULL, 'admin', '2019-12-06 17:26:58', NULL, '2019-12-06 17:26:58', 'userGuideManagement', '用户指南页面', NULL);
INSERT INTO `auth_menu_info` VALUES ('6389316950320070553', '100001013005001', '100001013005', '0', NULL, '3', NULL, 'admin', '2019-05-23 11:25:50', NULL, '2019-05-23 11:25:50', 'consultationManagement', '咨询建议管理界面', NULL);
INSERT INTO `auth_menu_info` VALUES ('6524440461989005201', '100011001', '100011', '0', NULL, '3', NULL, 'admin', '2020-07-27 11:21:22', NULL, '2020-07-27 11:21:22', 'userManagement', '用户管理', NULL);
INSERT INTO `auth_menu_info` VALUES ('6604298634184734581', '100001013011001', '100001013011', '0', NULL, '3', NULL, 'admin', '2019-06-17 17:00:41', NULL, '2019-06-17 17:00:41', 'templateStatistics', '部门模板总览', NULL);
INSERT INTO `auth_menu_info` VALUES ('6681471369095264133', '100001009002003', '100001009002', '0', NULL, '3', NULL, 'admin', '2019-04-08 13:51:26', NULL, '2019-04-08 13:51:26', 'interfaceDetail', '数据接口详情', NULL);
INSERT INTO `auth_menu_info` VALUES ('6793653451312837479', '100020001007', '100020001', '0', NULL, '3', NULL, 'admin', '2020-05-18 18:19:56', NULL, '2020-05-18 18:19:56', 'catalogManager', '目录管理', NULL);
INSERT INTO `auth_menu_info` VALUES ('6827654302489426395', '100022003001', '100022003', '0', NULL, '3', NULL, 'admin', '2020-03-18 15:38:56', NULL, '2020-03-18 15:38:56', 'dataMap', '数据地图', NULL);
INSERT INTO `auth_menu_info` VALUES ('68308750574203525', '100001010002001', '100001010002', '0', NULL, '3', NULL, 'admin', '2019-04-03 15:15:41', NULL, '2019-04-03 15:15:41', 'specificAnalysis', '专题分析页面', NULL);
INSERT INTO `auth_menu_info` VALUES ('705908892146944141', '100001013001001', '100001013001', '0', NULL, '3', NULL, 'admin', '2019-06-18 14:19:55', NULL, '2019-06-18 14:19:55', 'noticeManagement', '政声传递管理页面', NULL);
INSERT INTO `auth_menu_info` VALUES ('709135699788254091', '100007002001', '100007002', '0', NULL, '3', NULL, 'admin', '2019-04-03 15:30:27', NULL, '2019-04-03 15:30:27', 'dataCenter', '资料中心', NULL);
INSERT INTO `auth_menu_info` VALUES ('7113689586977717026', '100020001003', '100020001', '0', NULL, '3', NULL, 'admin', '2020-05-18 18:19:56', NULL, '2020-05-18 18:19:56', 'resourceManager', '资源管理', NULL);
INSERT INTO `auth_menu_info` VALUES ('7129040737995763914', '100001010001001', '100001010001', '0', NULL, '3', NULL, 'admin', '2019-04-03 15:15:10', NULL, '2019-04-03 15:15:10', 'appCenter', '应用中心列表', NULL);
INSERT INTO `auth_menu_info` VALUES ('7134740370744296204', '100007001003', '100007001', '0', NULL, '3', NULL, 'admin', '2019-04-10 11:12:07', NULL, '2019-04-10 11:12:07', 'applyData', '我的申请-数据申请页面', NULL);
INSERT INTO `auth_menu_info` VALUES ('7160936403530593439', '100001013011003', '100001013011', '0', NULL, '3', NULL, 'admin', '2019-06-17 17:00:41', NULL, '2019-06-17 17:00:41', 'departmentTemplate', '部门模板列表', NULL);
INSERT INTO `auth_menu_info` VALUES ('7163312461815695687', '100018003001', '100018003', '0', NULL, '3', NULL, 'admin', '2019-11-08 19:03:12', NULL, '2019-11-08 19:03:12', 'dataPortrait', '数据画像', NULL);
INSERT INTO `auth_menu_info` VALUES ('7247936566512340468', '100001010003001', '100001010003', '0', NULL, '3', NULL, 'admin', '2019-04-03 15:16:02', NULL, '2019-04-03 15:16:02', 'screenOne', '报表中心页面', NULL);
INSERT INTO `auth_menu_info` VALUES ('7294234823248790255', '100015001', '100015', '0', NULL, '3', NULL, 'admin', '2020-07-27 11:22:28', NULL, '2020-07-27 11:22:28', 'permissionConfig', '菜单管理', NULL);
INSERT INTO `auth_menu_info` VALUES ('737238045509043665', '100008001001', '100008001', '0', NULL, '3', NULL, 'admin', '2019-04-03 15:37:12', NULL, '2019-04-03 15:37:12', 'applyCategory', '资源类目新增', NULL);
INSERT INTO `auth_menu_info` VALUES ('7405952725517972189', '100001013003001', '100001013003', '0', NULL, '3', NULL, 'admin', '2019-05-23 11:25:38', NULL, '2019-05-23 11:25:38', 'applicationsManagement', '应用管理页面', NULL);
INSERT INTO `auth_menu_info` VALUES ('7561593039157348207', '100006002001', '100006002', '0', NULL, '3', NULL, 'admin', '2019-04-03 15:27:46', NULL, '2019-04-03 15:27:46', 'policies', '政策解读页面', NULL);
INSERT INTO `auth_menu_info` VALUES ('7626080554369464996', '100001010001002', '100001010001', '0', NULL, '3', NULL, 'admin', '2019-04-03 15:15:10', NULL, '2019-04-03 15:15:10', 'appDetail', '应用中心详情', NULL);
INSERT INTO `auth_menu_info` VALUES ('7629549042770034514', '100001002003', '100001002', '0', NULL, '3', NULL, 'lixiwang', '2019-04-12 10:01:14', NULL, '2019-04-12 10:01:14', 'dicType', '字典管理页面', NULL);
INSERT INTO `auth_menu_info` VALUES ('775556917459073972', '100001009002009', '100001009002', '0', NULL, '3', NULL, 'admin', '2019-04-08 13:51:26', NULL, '2019-04-08 13:51:26', 'mySubscription', '个人中心-我的订阅', NULL);
INSERT INTO `auth_menu_info` VALUES ('7844994084201647417', '100013001', '100013', '0', NULL, '3', NULL, 'admin', '2020-07-27 11:21:40', NULL, '2020-07-27 11:21:40', 'accountPersonalInfo', '个人资料', NULL);
INSERT INTO `auth_menu_info` VALUES ('7903615551183669088', '100004001004', '100004001', '0', NULL, '3', NULL, 'admin', '2019-04-03 15:21:06', NULL, '2019-04-03 15:21:06', 'reviewHistory', '初审历史', NULL);
INSERT INTO `auth_menu_info` VALUES ('7995013140087158743', '100001004001', '100001004', '0', NULL, '3', NULL, 'lixiwang', '2019-04-04 11:21:36', NULL, '2019-04-04 11:21:36', 'roleManagement', '角色管理页面', NULL);
INSERT INTO `auth_menu_info` VALUES ('8143719565750810279', '100022001001', '100022001', '0', NULL, '3', NULL, 'admin', '2020-03-18 15:38:28', NULL, '2020-03-18 15:38:28', 'interfaceOverview', '接口概览', NULL);
INSERT INTO `auth_menu_info` VALUES ('8146603853806744013', '100001009002005', '100001009002', '0', NULL, '3', NULL, 'admin', '2019-04-08 13:51:26', NULL, '2019-04-08 13:51:26', 'interfaceService', '数据接口列表', NULL);
INSERT INTO `auth_menu_info` VALUES ('8157969694561910321', '100006003002', '100006003', '0', NULL, '3', NULL, 'admin', '2019-04-03 15:28:34', NULL, '2019-04-03 15:28:34', 'districtNewsDetail', '区内动态详情', NULL);
INSERT INTO `auth_menu_info` VALUES ('8263241728938195512', '100001009002001', '100001009002', '0', NULL, '3', NULL, 'admin', '2019-04-08 13:51:26', NULL, '2019-04-08 13:51:26', 'collectedInterface', '个人中心-我的收藏-数据接口', NULL);
INSERT INTO `auth_menu_info` VALUES ('831018068582120645', '100007003001', '100007003', '0', NULL, '3', NULL, 'admin', '2019-04-03 15:30:43', NULL, '2019-04-03 15:30:43', 'consult', '咨询建议页面', NULL);
INSERT INTO `auth_menu_info` VALUES ('8322033307177927813', '100007001001', '100007001', '0', NULL, '3', NULL, 'admin', '2019-04-10 11:12:07', NULL, '2019-04-10 11:12:07', 'apply', '数据申请页面', NULL);
INSERT INTO `auth_menu_info` VALUES ('8359073334570074668', '100001009001005', '100001009001', '0', NULL, '3', NULL, 'admin', '2019-07-19 10:27:47', NULL, '2019-07-19 10:27:47', 'catalogDetail', '数据目录详情', NULL);
INSERT INTO `auth_menu_info` VALUES ('8558947114551325533', '100005001', '100005', '0', NULL, '3', NULL, 'admin', '2020-07-27 11:20:15', NULL, '2020-07-27 11:20:15', 'dataReport', '数据填报', NULL);
INSERT INTO `auth_menu_info` VALUES ('8605914196932277769', '100006001001', '100006001', '0', NULL, '3', NULL, 'admin', '2019-04-03 15:27:11', NULL, '2019-04-03 15:27:11', 'notice', '内部公告列表页面', NULL);
INSERT INTO `auth_menu_info` VALUES ('8745822062838235146', '100001013007001', '100001013007', '0', NULL, '3', NULL, 'admin', '2020-05-21 10:44:09', NULL, '2020-05-21 10:44:09', 'dataCenterManagement', '资料中心编辑页面', NULL);
INSERT INTO `auth_menu_info` VALUES ('8876318716940365939', '100001005001', '100001005', '0', NULL, '3', NULL, 'lixiwang', '2019-04-04 11:21:43', NULL, '2019-04-04 11:21:43', 'userManagement', '用户管理页面', NULL);
INSERT INTO `auth_menu_info` VALUES ('888139124150191182', '100022005005', '100022005', '0', NULL, '3', NULL, 'admin', '2020-05-28 14:09:38', NULL, '2020-05-28 14:09:38', 'sourceSystemOverview', '源系统概览', NULL);
INSERT INTO `auth_menu_info` VALUES ('8989414218180967449', '100001013011005', '100001013011', '0', NULL, '3', NULL, 'admin', '2019-06-17 17:00:41', NULL, '2019-06-17 17:00:41', 'templateDetail', '部门模板数据详情', NULL);
INSERT INTO `auth_menu_info` VALUES ('9115602648975062388', '100004001001', '100004001', '0', NULL, '3', NULL, 'admin', '2019-04-03 15:21:06', NULL, '2019-04-03 15:21:06', 'companyImport', '文档导入', NULL);
INSERT INTO `auth_menu_info` VALUES ('9186182766365948086', '100022005007', '100022005', '0', NULL, '3', NULL, 'admin', '2020-05-28 14:09:38', NULL, '2020-05-28 14:09:38', 'sourceSystemDetail', '源系统详情', NULL);

-- ----------------------------
-- Table structure for auth_password
-- ----------------------------
DROP TABLE IF EXISTS `auth_password`;
CREATE TABLE `auth_password`  (
  `id` varchar(32) CHARACTER SET utf8 COLLATE utf8_general_ci NOT NULL COMMENT '主键',
  `user_id` varchar(50) CHARACTER SET utf8 COLLATE utf8_general_ci NOT NULL COMMENT '用户id，登录账号',
  `passowrd` varchar(150) CHARACTER SET utf8 COLLATE utf8_general_ci NOT NULL COMMENT '密码',
  `salt` varchar(150) CHARACTER SET utf8 COLLATE utf8_general_ci DEFAULT NULL COMMENT '盐值',
  `create_time` datetime(0) DEFAULT NULL COMMENT '创建时间',
  `update_time` datetime(0) DEFAULT NULL COMMENT '变更时间',
  `is_modified` char(1) CHARACTER SET utf8 COLLATE utf8_general_ci NOT NULL DEFAULT '0' COMMENT '是否已修改初始密码，1已修改，0未修改',
  `des_password` varchar(255) CHARACTER SET utf8 COLLATE utf8_general_ci DEFAULT NULL COMMENT '密码的des密文',
  PRIMARY KEY (`id`) USING BTREE
) ENGINE = InnoDB CHARACTER SET = utf8 COLLATE = utf8_general_ci COMMENT = '用户密码表' ROW_FORMAT = Dynamic;

-- ----------------------------
-- Records of auth_password
-- ----------------------------
INSERT INTO `auth_password` VALUES ('20180814092932571', 'admin', '7676aaafb027c825bd9abab78b234070e702752f625b752e55e55b48e607e358', NULL, '2018-08-14 09:29:33', '2019-02-27 14:28:19', '0', '7172395135632b494d6e6153426c5756357072774c513d3d');

-- ----------------------------
-- Table structure for auth_role_info
-- ----------------------------
DROP TABLE IF EXISTS `auth_role_info`;
CREATE TABLE `auth_role_info`  (
  `id` varchar(32) CHARACTER SET utf8 COLLATE utf8_general_ci NOT NULL COMMENT '主键',
  `role_code` varchar(32) CHARACTER SET utf8 COLLATE utf8_general_ci NOT NULL COMMENT '角色编码',
  `role_name` varchar(100) CHARACTER SET utf8 COLLATE utf8_general_ci NOT NULL COMMENT '角色名称',
  `status` char(1) CHARACTER SET utf8 COLLATE utf8_general_ci DEFAULT NULL COMMENT '状态，0启用，1停用',
  `role_detail` varchar(500) CHARACTER SET utf8 COLLATE utf8_general_ci DEFAULT NULL COMMENT '角色详情',
  `create_time` datetime(0) DEFAULT NULL COMMENT '创建时间',
  `update_time` datetime(0) DEFAULT NULL COMMENT '变更时间',
  `role_key` varchar(4) CHARACTER SET utf8 COLLATE utf8_general_ci DEFAULT NULL COMMENT '角色标志位（平台开发者：0，系统管理员：1，部门管理员：2，部门普通用户:3',
  `department_id` varchar(50) CHARACTER SET utf8 COLLATE utf8_general_ci DEFAULT NULL COMMENT '为部门管理员时插入此值',
  `level` varchar(1) CHARACTER SET utf8 COLLATE utf8_general_ci NOT NULL DEFAULT '1' COMMENT '安全级别（1,2,3）最高1',
  PRIMARY KEY (`id`) USING BTREE
) ENGINE = InnoDB CHARACTER SET = utf8 COLLATE = utf8_general_ci COMMENT = '角色信息表' ROW_FORMAT = Dynamic;

-- ----------------------------
-- Records of auth_role_info
-- ----------------------------
INSERT INTO `auth_role_info` VALUES ('2', '20190731213732949', '部门管理员', '0', '部门管理员', '2019-07-31 21:37:33', '2020-07-27 11:27:03', '2', '', '3');
INSERT INTO `auth_role_info` VALUES ('20180910100433650', '20180910100433659', '平台开发者', '0', '平台开发者', '2018-09-10 10:04:34', '2018-11-29 19:28:28', '0', '2', '1');
INSERT INTO `auth_role_info` VALUES ('20190731204511825', '20190731204511827', '系统管理员', '0', '', '2019-07-31 20:45:12', '2020-07-27 11:22:07', '1', '2', '1');
INSERT INTO `auth_role_info` VALUES ('20190731213802193', '20190731213802194', '普通用户', '0', '', '2019-07-31 21:38:02', '2020-07-27 11:21:58', '3', NULL, '3');

-- ----------------------------
-- Table structure for auth_role_menu
-- ----------------------------
DROP TABLE IF EXISTS `auth_role_menu`;
CREATE TABLE `auth_role_menu`  (
  `id` varchar(32) CHARACTER SET utf8 COLLATE utf8_general_ci NOT NULL COMMENT '主键',
  `role_id` varchar(32) CHARACTER SET utf8 COLLATE utf8_general_ci NOT NULL COMMENT '角色id',
  `menu_id` varchar(32) CHARACTER SET utf8 COLLATE utf8_general_ci NOT NULL COMMENT '权限id',
  `function_type` varchar(1000) CHARACTER SET utf8 COLLATE utf8_general_ci DEFAULT NULL COMMENT '功能类型，如：ADD,DELETE,QUERY,UPDATE等',
  `menu_code` varchar(50) CHARACTER SET utf8 COLLATE utf8_general_ci DEFAULT NULL,
  PRIMARY KEY (`id`) USING BTREE
) ENGINE = InnoDB CHARACTER SET = utf8 COLLATE = utf8_general_ci COMMENT = '角色权限关联表' ROW_FORMAT = Dynamic;

-- ----------------------------
-- Records of auth_role_menu
-- ----------------------------
INSERT INTO `auth_role_menu` VALUES ('20190403142123712', '20180910100433650', '6691699207860535517', NULL, NULL);
INSERT INTO `auth_role_menu` VALUES ('20190403142123737', '20180910100433650', '2040952477714434948', NULL, NULL);
INSERT INTO `auth_role_menu` VALUES ('20190403142233288', '20180910100433650', '5549740398326495051', NULL, NULL);
INSERT INTO `auth_role_menu` VALUES ('20190403142233314', '20180910100433650', '6855565075286673791', NULL, NULL);
INSERT INTO `auth_role_menu` VALUES ('20190403142319308', '20180910100433650', '6090980628287672100', NULL, NULL);
INSERT INTO `auth_role_menu` VALUES ('20190403142338964', '20180910100433650', '8773317183506069958', NULL, NULL);
INSERT INTO `auth_role_menu` VALUES ('20190403142346498', '20180910100433650', '3799850263276403249', NULL, NULL);
INSERT INTO `auth_role_menu` VALUES ('20190403142609892', '20180910100433650', '5181128915737398766', NULL, NULL);
INSERT INTO `auth_role_menu` VALUES ('20190403142627779', '20180910100433650', '8023848802457046884', NULL, NULL);
INSERT INTO `auth_role_menu` VALUES ('20190403142644402', '20180910100433650', '8352622190534085293', NULL, NULL);
INSERT INTO `auth_role_menu` VALUES ('20190403142730349', '20180910100433650', '1457075286277271594', NULL, NULL);
INSERT INTO `auth_role_menu` VALUES ('20190403143031607', '20180910100433650', '8700340327351170297', NULL, NULL);
INSERT INTO `auth_role_menu` VALUES ('20190403143031670', '20180910100433650', '4801759278657455475', NULL, NULL);
INSERT INTO `auth_role_menu` VALUES ('20190403143115319', '20180910100433650', '1632271796282738216', NULL, NULL);
INSERT INTO `auth_role_menu` VALUES ('20190403143115353', '20180910100433650', '9106775133716525144', NULL, NULL);
INSERT INTO `auth_role_menu` VALUES ('20190403143115382', '20180910100433650', '6148856702956553405', NULL, NULL);
INSERT INTO `auth_role_menu` VALUES ('20190403143535889', '20180910100433650', '6030099684267110575', NULL, NULL);
INSERT INTO `auth_role_menu` VALUES ('20190403143535917', '20180910100433650', '4520891062672863429', NULL, NULL);
INSERT INTO `auth_role_menu` VALUES ('20190403143535946', '20180910100433650', '2113893613667043645', NULL, NULL);
INSERT INTO `auth_role_menu` VALUES ('20190403143535976', '20180910100433650', '7442702426593539823', NULL, NULL);
INSERT INTO `auth_role_menu` VALUES ('20190403151509620', '20180910100433650', '7129040737995763914', NULL, NULL);
INSERT INTO `auth_role_menu` VALUES ('20190403151509675', '20180910100433650', '7626080554369464996', NULL, NULL);
INSERT INTO `auth_role_menu` VALUES ('20190403151540801', '20180910100433650', '68308750574203525', NULL, NULL);
INSERT INTO `auth_role_menu` VALUES ('20190403151601719', '20180910100433650', '7247936566512340468', NULL, NULL);
INSERT INTO `auth_role_menu` VALUES ('20190403152105655', '20180910100433650', '9115602648975062388', NULL, NULL);
INSERT INTO `auth_role_menu` VALUES ('20190403152105688', '20180910100433650', '3674357057118621503', NULL, NULL);
INSERT INTO `auth_role_menu` VALUES ('20190403152105736', '20180910100433650', '1866244166015172004', NULL, NULL);
INSERT INTO `auth_role_menu` VALUES ('20190403152105786', '20180910100433650', '7903615551183669088', NULL, NULL);
INSERT INTO `auth_role_menu` VALUES ('20190403152146269', '20180910100433650', '5086186471664563466', NULL, NULL);
INSERT INTO `auth_role_menu` VALUES ('20190403152711220', '20180910100433650', '8605914196932277769', NULL, NULL);
INSERT INTO `auth_role_menu` VALUES ('20190403152711263', '20180910100433650', '5265688260728174220', NULL, NULL);
INSERT INTO `auth_role_menu` VALUES ('2019040315273040', '20180910100433650', '2347733680520410530', NULL, NULL);
INSERT INTO `auth_role_menu` VALUES ('20190403152745274', '20180910100433650', '5753578187573578196', NULL, NULL);
INSERT INTO `auth_role_menu` VALUES ('20190403152745509', '20180910100433650', '2000147969823099978', NULL, NULL);
INSERT INTO `auth_role_menu` VALUES ('20190403152745651', '20180910100433650', '7561593039157348207', NULL, NULL);
INSERT INTO `auth_role_menu` VALUES ('20190403152745702', '20180910100433650', '36487833798199349', NULL, NULL);
INSERT INTO `auth_role_menu` VALUES ('20190403152834135', '20180910100433650', '3933121570596502659', NULL, NULL);
INSERT INTO `auth_role_menu` VALUES ('20190403152834171', '20180910100433650', '8157969694561910321', NULL, NULL);
INSERT INTO `auth_role_menu` VALUES ('20190403152900348', '20180910100433650', '4679758857216934961', NULL, NULL);
INSERT INTO `auth_role_menu` VALUES ('20190403152900384', '20180910100433650', '1736456556844007056', NULL, NULL);
INSERT INTO `auth_role_menu` VALUES ('20190403153015686', '20180910100433650', '8683590310402543403', NULL, NULL);
INSERT INTO `auth_role_menu` VALUES ('20190403153027226', '20180910100433650', '709135699788254091', NULL, NULL);
INSERT INTO `auth_role_menu` VALUES ('20190403153043365', '20180910100433650', '831018068582120645', NULL, NULL);
INSERT INTO `auth_role_menu` VALUES ('20190403153055936', '20180910100433650', '1755319667590085441', NULL, NULL);
INSERT INTO `auth_role_menu` VALUES ('20190403153458379', '20180910100433650', '4414991239883802912', NULL, NULL);
INSERT INTO `auth_role_menu` VALUES ('20190403153706386', '20180910100433650', '6822994835906448592', NULL, NULL);
INSERT INTO `auth_role_menu` VALUES ('20190403153713965', '20180910100433650', '737238045509043665', NULL, NULL);
INSERT INTO `auth_role_menu` VALUES ('20190403160835674', '20180910100433650', '2441354183481277166', NULL, NULL);
INSERT INTO `auth_role_menu` VALUES ('20190403161004846', '20180910100433650', '1051290230906175900', NULL, NULL);
INSERT INTO `auth_role_menu` VALUES ('20190404112127498', '20180910100433650', '921109276672741263', NULL, NULL);
INSERT INTO `auth_role_menu` VALUES ('20190404112127602', '20180910100433650', '3771376087368549036', NULL, NULL);
INSERT INTO `auth_role_menu` VALUES ('20190404112136158', '20180910100433650', '7995013140087158743', NULL, NULL);
INSERT INTO `auth_role_menu` VALUES ('20190404112142633', '20180910100433650', '8876318716940365939', NULL, NULL);
INSERT INTO `auth_role_menu` VALUES ('20190404112148484', '20180910100433650', '2686937844529541540', NULL, NULL);
INSERT INTO `auth_role_menu` VALUES ('20190408135125938', '20180910100433650', '8263241728938195512', NULL, NULL);
INSERT INTO `auth_role_menu` VALUES ('20190408135126162', '20180910100433650', '8146603853806744013', NULL, NULL);
INSERT INTO `auth_role_menu` VALUES ('20190408135126226', '20180910100433650', '3315802887301478051', NULL, NULL);
INSERT INTO `auth_role_menu` VALUES ('20190408135126330', '20180910100433650', '775556917459073972', NULL, NULL);
INSERT INTO `auth_role_menu` VALUES ('2019040813512661', '20180910100433650', '6681471369095264133', NULL, NULL);
INSERT INTO `auth_role_menu` VALUES ('20190409093650367', '20180910100433650', '3257231879437268661', NULL, NULL);
INSERT INTO `auth_role_menu` VALUES ('20190409093650420', '20180910100433650', '5818751956577439026', NULL, NULL);
INSERT INTO `auth_role_menu` VALUES ('20190409093719398', '20180910100433650', '1073712729013373128', NULL, NULL);
INSERT INTO `auth_role_menu` VALUES ('20190409093719450', '20180910100433650', '7536573717413411556', NULL, NULL);
INSERT INTO `auth_role_menu` VALUES ('20190410111206801', '20180910100433650', '8322033307177927813', NULL, NULL);
INSERT INTO `auth_role_menu` VALUES ('20190410111206847', '20180910100433650', '7134740370744296204', NULL, NULL);
INSERT INTO `auth_role_menu` VALUES ('20190410113119798', '20180910100433650', '7722406764272632650', NULL, NULL);
INSERT INTO `auth_role_menu` VALUES ('20190410113710580', '20180910100433650', '2380082858891523683', NULL, NULL);
INSERT INTO `auth_role_menu` VALUES ('20190412093139694', '20180910100433650', '4289031533609569976', NULL, NULL);
INSERT INTO `auth_role_menu` VALUES ('20190412093139774', '20180910100433650', '2909672850053838272', NULL, NULL);
INSERT INTO `auth_role_menu` VALUES ('20190412100113737', '20180910100433650', '2056055595187719395', NULL, NULL);
INSERT INTO `auth_role_menu` VALUES ('20190412100113788', '20180910100433650', '7629549042770034514', NULL, NULL);
INSERT INTO `auth_role_menu` VALUES ('20190416104245352', '20180910100433650', '1967377424285060058', NULL, NULL);
INSERT INTO `auth_role_menu` VALUES ('20190420100211540', '20180910100433650', '8620751724246484615', NULL, NULL);
INSERT INTO `auth_role_menu` VALUES ('20190420100211583', '20180910100433650', '4153173128818803025', NULL, NULL);
INSERT INTO `auth_role_menu` VALUES ('20190420100211622', '20180910100433650', '4299860346674825820', NULL, NULL);
INSERT INTO `auth_role_menu` VALUES ('20190420100211674', '20180910100433650', '5280885436305553825', NULL, NULL);
INSERT INTO `auth_role_menu` VALUES ('20190420100211718', '20180910100433650', '605990205859016773', NULL, NULL);
INSERT INTO `auth_role_menu` VALUES ('20190420103415193', '20180910100433650', '4033372210041540286', NULL, NULL);
INSERT INTO `auth_role_menu` VALUES ('20190420103415243', '20180910100433650', '8405903387652239473', NULL, NULL);
INSERT INTO `auth_role_menu` VALUES ('20190420103415285', '20180910100433650', '1831820556995310881', NULL, NULL);
INSERT INTO `auth_role_menu` VALUES ('20190420103415323', '20180910100433650', '8910051873900183386', NULL, NULL);
INSERT INTO `auth_role_menu` VALUES ('20190420103415367', '20180910100433650', '4798475175858910424', NULL, NULL);
INSERT INTO `auth_role_menu` VALUES ('20190420105338544', '20180910100433650', '7987531574613789988', NULL, NULL);
INSERT INTO `auth_role_menu` VALUES ('20190420105338596', '20180910100433650', '1544158475923244164', NULL, NULL);
INSERT INTO `auth_role_menu` VALUES ('20190420105338648', '20180910100433650', '4295672071150911541', NULL, NULL);
INSERT INTO `auth_role_menu` VALUES ('20190420105338695', '20180910100433650', '741760607461685125', NULL, NULL);
INSERT INTO `auth_role_menu` VALUES ('20190420105338747', '20180910100433650', '893429596765112669', NULL, NULL);
INSERT INTO `auth_role_menu` VALUES ('20190420105420921', '20180910100433650', '8199124879165667553', NULL, NULL);
INSERT INTO `auth_role_menu` VALUES ('20190420105420975', '20180910100433650', '8200208522901239251', NULL, NULL);
INSERT INTO `auth_role_menu` VALUES ('20190420105421118', '20180910100433650', '460862290994574984', NULL, NULL);
INSERT INTO `auth_role_menu` VALUES ('20190420105421167', '20180910100433650', '4087160998698633221', NULL, NULL);
INSERT INTO `auth_role_menu` VALUES ('2019042010542120', '20180910100433650', '969611784315487062', NULL, NULL);
INSERT INTO `auth_role_menu` VALUES ('2019042010542169', '20180910100433650', '5681529653042196890', NULL, NULL);
INSERT INTO `auth_role_menu` VALUES ('20190420105524124', '20180910100433650', '3418382151332511415', NULL, NULL);
INSERT INTO `auth_role_menu` VALUES ('20190420105524206', '20180910100433650', '4617103379870600049', NULL, NULL);
INSERT INTO `auth_role_menu` VALUES ('20190420105524262', '20180910100433650', '8391977340632216147', NULL, NULL);
INSERT INTO `auth_role_menu` VALUES ('20190420105524300', '20180910100433650', '7239419029887826790', NULL, NULL);
INSERT INTO `auth_role_menu` VALUES ('20190420105524336', '20180910100433650', '5206181809441257372', NULL, NULL);
INSERT INTO `auth_role_menu` VALUES ('20190420105524383', '20180910100433650', '9010035427614016879', NULL, NULL);
INSERT INTO `auth_role_menu` VALUES ('20190420105524423', '20180910100433650', '7644721930692280964', NULL, NULL);
INSERT INTO `auth_role_menu` VALUES ('20190420105650435', '20180910100433650', '6890144048751395008', NULL, NULL);
INSERT INTO `auth_role_menu` VALUES ('20190523112537578', '20180910100433650', '7405952725517972189', NULL, NULL);
INSERT INTO `auth_role_menu` VALUES ('20190523112549529', '20180910100433650', '6389316950320070553', NULL, NULL);
INSERT INTO `auth_role_menu` VALUES ('20190617165146625', '20180910100433650', '7108776170967353603', NULL, NULL);
INSERT INTO `auth_role_menu` VALUES ('20190617165146633', '20180910100433650', '3302453777864802756', NULL, NULL);
INSERT INTO `auth_role_menu` VALUES ('20190617165146643', '20180910100433650', '8084990999204087030', NULL, NULL);
INSERT INTO `auth_role_menu` VALUES ('20190617165146652', '20180910100433650', '5300478267235778751', NULL, NULL);
INSERT INTO `auth_role_menu` VALUES ('20190617165900820', '20180910100433650', '3664391910584135770', NULL, NULL);
INSERT INTO `auth_role_menu` VALUES ('20190617170040666', '20180910100433650', '6604298634184734581', NULL, NULL);
INSERT INTO `auth_role_menu` VALUES ('20190617170040674', '20180910100433650', '7160936403530593439', NULL, NULL);
INSERT INTO `auth_role_menu` VALUES ('20190617170040681', '20180910100433650', '8989414218180967449', NULL, NULL);
INSERT INTO `auth_role_menu` VALUES ('20190618141955385', '20180910100433650', '705908892146944141', NULL, NULL);
INSERT INTO `auth_role_menu` VALUES ('20190618141955389', '20180910100433650', '3230889564309701041', NULL, NULL);
INSERT INTO `auth_role_menu` VALUES ('20190719102747108', '20180910100433650', '8359073334570074668', NULL, NULL);
INSERT INTO `auth_role_menu` VALUES ('2019071910274786', '20180910100433650', '3496402492864443512', NULL, NULL);
INSERT INTO `auth_role_menu` VALUES ('2019071910274795', '20180910100433650', '1556790252331814705', NULL, NULL);
INSERT INTO `auth_role_menu` VALUES ('20190722180410813', '20180910100433650', '4890978951797492207', NULL, NULL);
INSERT INTO `auth_role_menu` VALUES ('20190801145344390', '20180910100433650', '3890306148964939503', NULL, NULL);
INSERT INTO `auth_role_menu` VALUES ('20191108190311689', '20180910100433650', '7163312461815695687', NULL, NULL);
INSERT INTO `auth_role_menu` VALUES ('20191108190321455', '20180910100433650', '1366705354371283392', NULL, NULL);
INSERT INTO `auth_role_menu` VALUES ('20191206172658330', '20180910100433650', '5826846289529845465', NULL, NULL);
INSERT INTO `auth_role_menu` VALUES ('20191211113934362', '20180910100433650', '1237317529749075967', NULL, NULL);
INSERT INTO `auth_role_menu` VALUES ('20191211113934366', '20180910100433650', '4686706268666705755', NULL, NULL);
INSERT INTO `auth_role_menu` VALUES ('20200318153828434', '20180910100433650', '8143719565750810279', NULL, NULL);
INSERT INTO `auth_role_menu` VALUES ('20200318153855627', '20180910100433650', '6827654302489426395', NULL, NULL);
INSERT INTO `auth_role_menu` VALUES ('20200318155846381', '20180910100433650', '1843252686219923250', NULL, NULL);
INSERT INTO `auth_role_menu` VALUES ('20200318160108600', '20180910100433650', '2138697946083838659', NULL, NULL);
INSERT INTO `auth_role_menu` VALUES ('20200318160108604', '20180910100433650', '5582329436671854015', NULL, NULL);
INSERT INTO `auth_role_menu` VALUES ('20200318160108609', '20180910100433650', '1772032025269354327', NULL, NULL);
INSERT INTO `auth_role_menu` VALUES ('20200318160152217', '20180910100433650', '1025762620015792099', NULL, NULL);
INSERT INTO `auth_role_menu` VALUES ('20200518181956125', '20180910100433650', '4188590488886528740', NULL, NULL);
INSERT INTO `auth_role_menu` VALUES ('20200518181956136', '20180910100433650', '7113689586977717026', NULL, NULL);
INSERT INTO `auth_role_menu` VALUES ('20200518181956143', '20180910100433650', '3182360816858450965', NULL, NULL);
INSERT INTO `auth_role_menu` VALUES ('20200518181956150', '20180910100433650', '6793653451312837479', NULL, NULL);
INSERT INTO `auth_role_menu` VALUES ('20200521104408524', '20180910100433650', '8745822062838235146', NULL, NULL);
INSERT INTO `auth_role_menu` VALUES ('20200528140937630', '20180910100433650', '5506068564749140816', NULL, NULL);
INSERT INTO `auth_role_menu` VALUES ('20200528140937636', '20180910100433650', '5506701286500382326', NULL, NULL);
INSERT INTO `auth_role_menu` VALUES ('20200528140937640', '20180910100433650', '888139124150191182', NULL, NULL);
INSERT INTO `auth_role_menu` VALUES ('20200528140937644', '20180910100433650', '9186182766365948086', NULL, NULL);
INSERT INTO `auth_role_menu` VALUES ('20200528141048760', '20180910100433650', '226466128340236914', NULL, NULL);
INSERT INTO `auth_role_menu` VALUES ('20200528141048765', '20180910100433650', '1121233539027518202', NULL, NULL);
INSERT INTO `auth_role_menu` VALUES ('20200727111806438', '20180910100433650', '20200727111806431', NULL, NULL);
INSERT INTO `auth_role_menu` VALUES ('20200727111806444', '20180910100433650', '124479994037711546', NULL, NULL);
INSERT INTO `auth_role_menu` VALUES ('2020072711195905', '20180910100433650', '20200727111958981', NULL, NULL);
INSERT INTO `auth_role_menu` VALUES ('20200727112014711', '20180910100433650', '20200727112014707', NULL, NULL);
INSERT INTO `auth_role_menu` VALUES ('20200727112014717', '20180910100433650', '8558947114551325533', NULL, NULL);
INSERT INTO `auth_role_menu` VALUES ('20200727112033271', '20180910100433650', '20200727112033267', NULL, NULL);
INSERT INTO `auth_role_menu` VALUES ('20200727112033276', '20180910100433650', '4497660026498299693', NULL, NULL);
INSERT INTO `auth_role_menu` VALUES ('20200727112053418', '20180910100433650', '20200727112053414', NULL, NULL);
INSERT INTO `auth_role_menu` VALUES ('20200727112053423', '20180910100433650', '1772138810830964637', NULL, NULL);
INSERT INTO `auth_role_menu` VALUES ('20200727112121911', '20180910100433650', '20200727112121908', NULL, NULL);
INSERT INTO `auth_role_menu` VALUES ('20200727112121916', '20180910100433650', '6524440461989005201', NULL, NULL);
INSERT INTO `auth_role_menu` VALUES ('20200727112139725', '20180910100433650', '20200727112139721', NULL, NULL);
INSERT INTO `auth_role_menu` VALUES ('20200727112139731', '20180910100433650', '7844994084201647417', NULL, NULL);
INSERT INTO `auth_role_menu` VALUES ('20210202160934483', '20190731213802193', '124479994037711546', NULL, NULL);
INSERT INTO `auth_role_menu` VALUES ('20210202160934485', '20190731213802193', '20200727111806431', NULL, NULL);
INSERT INTO `auth_role_menu` VALUES ('20210202160934487', '20190731213802193', '2308548208023651004', NULL, NULL);
INSERT INTO `auth_role_menu` VALUES ('20210202160934488', '20190731213802193', '20200727111958981', NULL, NULL);
INSERT INTO `auth_role_menu` VALUES ('20210202160934490', '20190731213802193', '8558947114551325533', NULL, NULL);
INSERT INTO `auth_role_menu` VALUES ('20210202160934492', '20190731213802193', '20200727112014707', NULL, NULL);
INSERT INTO `auth_role_menu` VALUES ('20210202160934494', '20190731213802193', '4497660026498299693', NULL, NULL);
INSERT INTO `auth_role_menu` VALUES ('20210202160934496', '20190731213802193', '20200727112033267', NULL, NULL);
INSERT INTO `auth_role_menu` VALUES ('20210202160934498', '20190731213802193', '1772138810830964637', NULL, NULL);
INSERT INTO `auth_role_menu` VALUES ('20210202160934500', '20190731213802193', '20200727112053414', NULL, NULL);
INSERT INTO `auth_role_menu` VALUES ('20210202160934502', '20190731213802193', '6524440461989005201', NULL, NULL);
INSERT INTO `auth_role_menu` VALUES ('20210202160934504', '20190731213802193', '20200727112121908', NULL, NULL);
INSERT INTO `auth_role_menu` VALUES ('20210202160934505', '20190731213802193', '7844994084201647417', NULL, NULL);
INSERT INTO `auth_role_menu` VALUES ('20210202160934506', '20190731213802193', '20200727112139721', NULL, NULL);
INSERT INTO `auth_role_menu` VALUES ('20200727112206523', '20190731204511825', '124479994037711546', NULL, NULL);
INSERT INTO `auth_role_menu` VALUES ('20200727112206524', '20190731204511825', '20200727111806431', NULL, NULL);
INSERT INTO `auth_role_menu` VALUES ('20200727112206527', '20190731204511825', '20200727111958981', NULL, NULL);
INSERT INTO `auth_role_menu` VALUES ('20200727112206528', '20190731204511825', '8558947114551325533', NULL, NULL);
INSERT INTO `auth_role_menu` VALUES ('20200727112206529', '20190731204511825', '20200727112014707', NULL, NULL);
INSERT INTO `auth_role_menu` VALUES ('20200727112206530', '20190731204511825', '4497660026498299693', NULL, NULL);
INSERT INTO `auth_role_menu` VALUES ('20200727112206531', '20190731204511825', '20200727112033267', NULL, NULL);
INSERT INTO `auth_role_menu` VALUES ('20200727112206532', '20190731204511825', '1772138810830964637', NULL, NULL);
INSERT INTO `auth_role_menu` VALUES ('20200727112206534', '20190731204511825', '20200727112053414', NULL, NULL);
INSERT INTO `auth_role_menu` VALUES ('20200727112206535', '20190731204511825', '6524440461989005201', NULL, NULL);
INSERT INTO `auth_role_menu` VALUES ('20200727112206536', '20190731204511825', '20200727112121908', NULL, NULL);
INSERT INTO `auth_role_menu` VALUES ('20200727112206537', '20190731204511825', '7844994084201647417', NULL, NULL);
INSERT INTO `auth_role_menu` VALUES ('20200727112206538', '20190731204511825', '20200727112139721', NULL, NULL);
INSERT INTO `auth_role_menu` VALUES ('20200727112227569', '20180910100433650', '20200727112227566', NULL, NULL);
INSERT INTO `auth_role_menu` VALUES ('20200727112227573', '20180910100433650', '7294234823248790255', NULL, NULL);
INSERT INTO `auth_role_menu` VALUES ('20200727112535156', '20180910100433650', '2308548208023651004', NULL, NULL);
INSERT INTO `auth_role_menu` VALUES ('20200727112702592', '2', '124479994037711546', NULL, NULL);
INSERT INTO `auth_role_menu` VALUES ('20200727112702594', '2', '20200727111806431', NULL, NULL);
INSERT INTO `auth_role_menu` VALUES ('20200727112702595', '2', '2308548208023651004', NULL, NULL);
INSERT INTO `auth_role_menu` VALUES ('20200727112702596', '2', '20200727111958981', NULL, NULL);
INSERT INTO `auth_role_menu` VALUES ('20200727112702597', '2', '8558947114551325533', NULL, NULL);
INSERT INTO `auth_role_menu` VALUES ('20200727112702598', '2', '20200727112014707', NULL, NULL);
INSERT INTO `auth_role_menu` VALUES ('20200727112702599', '2', '4497660026498299693', NULL, NULL);
INSERT INTO `auth_role_menu` VALUES ('20200727112702600', '2', '20200727112033267', NULL, NULL);
INSERT INTO `auth_role_menu` VALUES ('20200727112702602', '2', '1772138810830964637', NULL, NULL);
INSERT INTO `auth_role_menu` VALUES ('20200727112702603', '2', '20200727112053414', NULL, NULL);
INSERT INTO `auth_role_menu` VALUES ('20200727112702604', '2', '6524440461989005201', NULL, NULL);
INSERT INTO `auth_role_menu` VALUES ('20200727112702605', '2', '20200727112121908', NULL, NULL);
INSERT INTO `auth_role_menu` VALUES ('20200727112702606', '2', '7844994084201647417', NULL, NULL);
INSERT INTO `auth_role_menu` VALUES ('20200727112702607', '2', '20200727112139721', NULL, NULL);

-- ----------------------------
-- Table structure for auth_role_type
-- ----------------------------
DROP TABLE IF EXISTS `auth_role_type`;
CREATE TABLE `auth_role_type`  (
  `id` varchar(255) CHARACTER SET utf8 COLLATE utf8_general_ci NOT NULL,
  `role_value` varchar(255) CHARACTER SET utf8 COLLATE utf8_general_ci DEFAULT NULL,
  `role_key` varchar(4) CHARACTER SET utf8 COLLATE utf8_general_ci DEFAULT NULL COMMENT '角色标志位[系统超级管理员：0，用户超级管理员：1，普通用户：2]',
  PRIMARY KEY (`id`) USING BTREE
) ENGINE = InnoDB CHARACTER SET = utf8 COLLATE = utf8_general_ci COMMENT = '角色等级信息表' ROW_FORMAT = Dynamic;

-- ----------------------------
-- Records of auth_role_type
-- ----------------------------
INSERT INTO `auth_role_type` VALUES ('0', '系统开发者', '0');
INSERT INTO `auth_role_type` VALUES ('1', '系统管理员', '1');
INSERT INTO `auth_role_type` VALUES ('2', '部门管理员', '2');
INSERT INTO `auth_role_type` VALUES ('3', '普通用户', '3');

-- ----------------------------
-- Table structure for auth_user_history
-- ----------------------------
DROP TABLE IF EXISTS `auth_user_history`;
CREATE TABLE `auth_user_history`  (
  `id` varchar(32) CHARACTER SET utf8 COLLATE utf8_general_ci NOT NULL COMMENT '主键',
  `user_id` varchar(150) CHARACTER SET utf8 COLLATE utf8_general_ci NOT NULL COMMENT '用户id，登录账号',
  `user_name` varchar(100) CHARACTER SET utf8 COLLATE utf8_general_ci NOT NULL COMMENT '用户姓名',
  `user_name_pinyin` varchar(150) CHARACTER SET utf8 COLLATE utf8_general_ci DEFAULT NULL COMMENT '用户姓名拼音',
  `department_id` varchar(50) CHARACTER SET utf8 COLLATE utf8_general_ci NOT NULL COMMENT '用户关联的部门id',
  `phone_number` varchar(50) CHARACTER SET utf8 COLLATE utf8_general_ci DEFAULT NULL COMMENT '手机号',
  `email_address` varchar(50) CHARACTER SET utf8 COLLATE utf8_general_ci DEFAULT NULL COMMENT '邮箱地址',
  `age` varchar(4) CHARACTER SET utf8 COLLATE utf8_general_ci DEFAULT NULL COMMENT '年龄',
  `identity_number` varchar(50) CHARACTER SET utf8 COLLATE utf8_general_ci DEFAULT NULL COMMENT '身份证号',
  `status` char(1) CHARACTER SET utf8 COLLATE utf8_general_ci DEFAULT '0' COMMENT '状态，0启用，1停用',
  `create_time` datetime(0) DEFAULT NULL COMMENT '创建时间',
  `update_time` datetime(0) DEFAULT NULL COMMENT '变更时间',
  `sex` char(1) CHARACTER SET utf8 COLLATE utf8_general_ci DEFAULT NULL COMMENT '性别，0男，1女',
  `avatar` mediumblob COMMENT '用户头像',
  `caller_name` varchar(255) CHARACTER SET utf8 COLLATE utf8_general_ci DEFAULT NULL COMMENT '调用方名称',
  PRIMARY KEY (`id`) USING BTREE
) ENGINE = InnoDB CHARACTER SET = utf8 COLLATE = utf8_general_ci COMMENT = '用户基本信息表' ROW_FORMAT = Dynamic;

-- ----------------------------
-- Records of auth_user_history
-- ----------------------------
INSERT INTO `auth_user_history` VALUES ('4908346719717641433', 'wuyabing', '吴亚兵', 'wuyabing', '2', NULL, NULL, NULL, NULL, '0', '2020-07-27 11:02:30', NULL, NULL, NULL, NULL);

-- ----------------------------
-- Table structure for auth_user_info
-- ----------------------------
DROP TABLE IF EXISTS `auth_user_info`;
CREATE TABLE `auth_user_info`  (
  `id` varchar(32) CHARACTER SET utf8 COLLATE utf8_general_ci NOT NULL COMMENT '主键',
  `user_id` varchar(150) CHARACTER SET utf8 COLLATE utf8_general_ci NOT NULL COMMENT '用户id，登录账号',
  `user_name` varchar(100) CHARACTER SET utf8 COLLATE utf8_general_ci NOT NULL COMMENT '用户姓名',
  `user_name_pinyin` varchar(150) CHARACTER SET utf8 COLLATE utf8_general_ci DEFAULT NULL COMMENT '用户姓名拼音',
  `department_id` varchar(50) CHARACTER SET utf8 COLLATE utf8_general_ci NOT NULL COMMENT '用户关联的部门id',
  `phone_number` varchar(50) CHARACTER SET utf8 COLLATE utf8_general_ci DEFAULT NULL COMMENT '手机号',
  `email_address` varchar(50) CHARACTER SET utf8 COLLATE utf8_general_ci DEFAULT NULL COMMENT '邮箱地址',
  `age` varchar(4) CHARACTER SET utf8 COLLATE utf8_general_ci DEFAULT NULL COMMENT '年龄',
  `identity_number` varchar(50) CHARACTER SET utf8 COLLATE utf8_general_ci DEFAULT NULL COMMENT '身份证号',
  `status` char(1) CHARACTER SET utf8 COLLATE utf8_general_ci DEFAULT '0' COMMENT '状态，0启用，1停用',
  `create_time` datetime(0) DEFAULT NULL COMMENT '创建时间',
  `update_time` datetime(0) DEFAULT NULL COMMENT '变更时间',
  `sex` char(1) CHARACTER SET utf8 COLLATE utf8_general_ci DEFAULT NULL COMMENT '性别，0男，1女',
  `avatar` mediumblob COMMENT '用户头像',
  `first_login_flag` varchar(1) CHARACTER SET utf8 COLLATE utf8_general_ci DEFAULT '0' COMMENT '是否首次登陆，0:首次登陆，1:不是首次登陆',
  `caller_name` varchar(255) CHARACTER SET utf8 COLLATE utf8_general_ci DEFAULT NULL COMMENT '调用方名称',
  PRIMARY KEY (`id`) USING BTREE
) ENGINE = InnoDB CHARACTER SET = utf8 COLLATE = utf8_general_ci COMMENT = '用户基本信息表' ROW_FORMAT = Dynamic;

-- ----------------------------
-- Records of auth_user_info
-- ----------------------------
INSERT INTO `auth_user_info` VALUES ('20180814092932583', 'admin', 'admin', 'admin', '2', '15515255978', '', NULL, '', '0', '2018-08-14 09:29:33', '2020-07-07 10:50:15', '0', NULL, '1', NULL);

-- ----------------------------
-- Table structure for auth_user_role
-- ----------------------------
DROP TABLE IF EXISTS `auth_user_role`;
CREATE TABLE `auth_user_role`  (
  `id` varchar(32) CHARACTER SET utf8 COLLATE utf8_general_ci NOT NULL COMMENT '主键',
  `role_id` varchar(32) CHARACTER SET utf8 COLLATE utf8_general_ci NOT NULL COMMENT '角色id',
  `user_id` varchar(150) CHARACTER SET utf8 COLLATE utf8_general_ci NOT NULL COMMENT '用户id，登录账号',
  PRIMARY KEY (`id`) USING BTREE
) ENGINE = InnoDB CHARACTER SET = utf8 COLLATE = utf8_general_ci COMMENT = '角色用户关联表' ROW_FORMAT = Dynamic;

-- ----------------------------
-- Records of auth_user_role
-- ----------------------------
INSERT INTO `auth_user_role` VALUES ('20181206142131977', '20180910100433650', 'admin');

-- ----------------------------
-- Table structure for data_storage
-- ----------------------------
DROP TABLE IF EXISTS `data_storage`;
CREATE TABLE `data_storage`  (
  `storage_id` varchar(32) CHARACTER SET utf8 COLLATE utf8_general_ci NOT NULL COMMENT '缓存id',
  `create_time` datetime(0) DEFAULT NULL,
  PRIMARY KEY (`storage_id`) USING BTREE
) ENGINE = InnoDB CHARACTER SET = utf8 COLLATE = utf8_general_ci COMMENT = '记录缓存中的数据' ROW_FORMAT = Dynamic;

-- ----------------------------
-- Table structure for rc_sys_paramater
-- ----------------------------
DROP TABLE IF EXISTS `rc_sys_paramater`;
CREATE TABLE `rc_sys_paramater`  (
  `id` varchar(32) CHARACTER SET utf8 COLLATE utf8_general_ci NOT NULL COMMENT 'UUID主键',
  `para_name` varchar(100) CHARACTER SET utf8 COLLATE utf8_general_ci NOT NULL COMMENT '参数名称',
  `para_key` varchar(100) CHARACTER SET utf8 COLLATE utf8_general_ci NOT NULL COMMENT '参数键值',
  `para_value` varchar(100) CHARACTER SET utf8 COLLATE utf8_general_ci NOT NULL COMMENT '参数名称',
  `para_type` varchar(32) CHARACTER SET utf8 COLLATE utf8_general_ci DEFAULT NULL COMMENT '参数类型（示例：dict_para_type）',
  `default_param` char(4) CHARACTER SET utf8 COLLATE utf8_general_ci DEFAULT NULL COMMENT '是否系统内置:Y-是、N-否',
  `status` char(4) CHARACTER SET utf8 COLLATE utf8_general_ci NOT NULL DEFAULT '0' COMMENT '状态：0启用、1停用',
  `create_user` varchar(64) CHARACTER SET utf8 COLLATE utf8_general_ci DEFAULT NULL COMMENT '创建者',
  `create_time` datetime(0) DEFAULT NULL COMMENT '创建时间',
  `remark` varchar(255) CHARACTER SET utf8 COLLATE utf8_general_ci DEFAULT NULL COMMENT '参数描述',
  PRIMARY KEY (`id`) USING BTREE
) ENGINE = InnoDB CHARACTER SET = utf8 COLLATE = utf8_general_ci COMMENT = '系统参数表' ROW_FORMAT = Dynamic;

-- ----------------------------
-- Records of rc_sys_paramater
-- ----------------------------
INSERT INTO `rc_sys_paramater` VALUES ('1274256239312979168', '系统参数', 'scs.service.category.del', '/QGZWXX/portController/service?method=DeleteCataLogGroup', 'global', 'Y', '0', 'admin', '2019-02-19 16:44:21', NULL);
INSERT INTO `rc_sys_paramater` VALUES ('1577099773211789855', '系统参数', 'gxjh.service.catalog.cancel', '', 'global', 'Y', '0', 'admin', '2019-02-19 16:44:21', NULL);
INSERT INTO `rc_sys_paramater` VALUES ('1929215538676846388', '系统参数', 'gxjh.service.catalog.query', '/dx-center/content/queryById', 'global', 'Y', '0', 'admin', '2019-02-19 16:44:21', NULL);
INSERT INTO `rc_sys_paramater` VALUES ('1936947445601222896', '系统参数', 'scs.service.catalog.query.isHas', '/QGZWXX/portController/service?method=IseCataLogHasReq', 'global', 'Y', '0', 'admin', '2019-02-19 16:44:21', NULL);
INSERT INTO `rc_sys_paramater` VALUES ('2019012915091222234', '系统参数', 'dep.role.id', '2', 'global', 'Y', '0', 'admin', '2019-02-19 16:44:21', NULL);
INSERT INTO `rc_sys_paramater` VALUES ('20190225173817253', '部门用户', 'dep.staff.role.id', '3', 'global', 'Y', '0', 'admin', '2019-02-25 17:39:04', NULL);
INSERT INTO `rc_sys_paramater` VALUES ('201916031786221', '系统参数', 'admin.role.id', '1', 'glpbal', 'Y', '0', 'admin', '2019-02-20 16:03:21', NULL);
INSERT INTO `rc_sys_paramater` VALUES ('211404215696638935', '系统参数', 'kfmh.service.subscribe.info', '/rc/data/extractCallBack', 'global', 'Y', '0', 'admin', '2019-02-19 16:44:21', NULL);
INSERT INTO `rc_sys_paramater` VALUES ('2372660078023754114', '系统参数', 'scs.service.catalog.add', '/QGZWXX/portController/service?method=createCataLogReq', 'global', 'Y', '0', 'admin', '2019-02-19 16:44:21', NULL);
INSERT INTO `rc_sys_paramater` VALUES ('2476045863642726417', '系统参数', 'sysadmin.role.userid', 'sysadmin', 'glpbal', 'Y', '0', 'admin', '2019-02-20 16:03:21', NULL);
INSERT INTO `rc_sys_paramater` VALUES ('2476045863642726425', '系统参数', 'sysadmin.role.userid', 'sysadmin', 'glpbal', 'Y', '0', 'admin', '2019-02-20 16:03:21', NULL);
INSERT INTO `rc_sys_paramater` VALUES ('2476124628544651264', '系统参数', 'admin.role.userid', 'admin', 'glpbal', 'Y', '0', 'admin', '2019-02-20 16:03:21', NULL);
INSERT INTO `rc_sys_paramater` VALUES ('2544799093315619439', '系统参数', 'gxjh.service.dept.update', '/dx-center/api/v1/center/dept/update', 'global', 'Y', '0', 'admin', '2019-02-19 16:44:21', NULL);
INSERT INTO `rc_sys_paramater` VALUES ('2920297869552733363', '系统参数', 'gxmh.service.cancelSubscribe.mesaage', '/api/batch/send/msg', 'global', 'Y', '0', 'admin', '2019-02-19 16:44:21', NULL);
INSERT INTO `rc_sys_paramater` VALUES ('2947033791157061630', '系统参数', 'token.invalid', '60', 'global', 'Y', '0', 'admin', '2019-02-19 16:44:21', NULL);
INSERT INTO `rc_sys_paramater` VALUES ('3444160434105896545', '系统参数', 'rcms.service.permit.all', '/rc/catalog/subscribeCatalogDataResp,/rc/catalog/subscribeCatalogData,/rc/catalog/cancleSubscribe', 'global', 'Y', '0', 'admin', '2019-02-19 16:44:21', NULL);
INSERT INTO `rc_sys_paramater` VALUES ('3583142691971745981', '系统参数', 'gxjh.service.dept.del', '/dx-center/api/v1/center/dept/del', 'global', 'Y', '0', 'admin', '2019-02-19 16:44:21', NULL);
INSERT INTO `rc_sys_paramater` VALUES ('3676867305842623579', '系统参数', 'scs.service.platkey', '82c30c35adb3c5bf', 'global', 'Y', '0', 'admin', '2019-02-19 16:44:21', NULL);
INSERT INTO `rc_sys_paramater` VALUES ('4338678881284083567', '系统参数', 'scs.service.catalog.query', '/QGZWXX/portController/service?method=GetNationalCatalogId', 'global', 'Y', '0', 'admin', '2019-02-19 16:44:21', NULL);
INSERT INTO `rc_sys_paramater` VALUES ('4680864055327670964', '系统参数', 'gxjh.service.catalog.cancel.subscribe', '/dx-center/subscribeInfo/cancleSubscribe', 'global', 'Y', '0', 'admin', '2019-02-19 16:44:21', NULL);
INSERT INTO `rc_sys_paramater` VALUES ('4744228011682384805', '系统参数', 'gxjh.service.catalog.back', '/dx-center/content/backspace', 'global', 'Y', '0', 'admin', '2019-02-19 16:44:21', NULL);
INSERT INTO `rc_sys_paramater` VALUES ('5007198479435059112', '系统参数', 'gxjh.service.catalog.del', '/dx-center/content/removeContentById', 'global', 'Y', '0', 'admin', '2019-02-19 16:44:21', NULL);
INSERT INTO `rc_sys_paramater` VALUES ('50874821284284508', '系统参数', 'scs.service.catalog.update.status', '/QGZWXX/portController/service?method=UpdateCatalogStatus', 'global', 'Y', '0', 'admin', '2019-02-19 16:44:21', NULL);
INSERT INTO `rc_sys_paramater` VALUES ('5118060699890830945', '系统参数', 'gxjh.service.dept.swap_data', '/dx-center/api/v1/center/category/dept/swap_data', 'global', 'Y', '0', 'admin', '2019-02-19 16:44:21', NULL);
INSERT INTO `rc_sys_paramater` VALUES ('5192402640943270918', '系统参数', 'gxjh.service.dept.add', '/dx-center/api/v1/center/dept/add', 'global', 'Y', '0', 'admin', '2019-02-19 16:44:21', NULL);
INSERT INTO `rc_sys_paramater` VALUES ('5395779454386651260', '系统参数', 'gxjh.service.catalog.subscribe', '/dx-center/subscribeInfo/addSubscribe', 'global', 'Y', '0', 'admin', '2019-02-19 16:44:21', NULL);
INSERT INTO `rc_sys_paramater` VALUES ('5422560085146815675', '系统参数', 'scs.service.category.query', '/QGZWXX/portController/service?method=GetCatalogGroupReq', 'global', 'Y', '0', 'admin', '2019-02-19 16:44:21', NULL);
INSERT INTO `rc_sys_paramater` VALUES ('5947585409381975463', '系统参数', 'gxjh.service.catalog.update', '/dx-center/content/modifyContent', 'global', 'Y', '0', 'admin', '2019-02-19 16:44:21', NULL);
INSERT INTO `rc_sys_paramater` VALUES ('6075800934818596102', '系统参数', 'gxmh.service.catalog.subscribe', '/api/subscribe/info', 'global', 'Y', '0', 'admin', '2019-02-19 16:44:21', NULL);
INSERT INTO `rc_sys_paramater` VALUES ('6190675853391841543', '系统参数', 'scs.service.category.update', '/QGZWXX/portController/service?method=UpdateCataLogGroup', 'global', 'Y', '0', 'admin', '2019-02-19 16:44:21', NULL);
INSERT INTO `rc_sys_paramater` VALUES ('6194654393140331480', '系统参数', 'gxjh.service.catalog.add', '/dx-center/content/addContent', 'global', 'Y', '0', 'admin', '2019-02-19 16:44:21', NULL);
INSERT INTO `rc_sys_paramater` VALUES ('6468418258214797411', '系统参数', 'kfmh.isResp.subscribeCatalog.flag', 'false', 'global', 'Y', '0', 'admin', '2019-02-19 16:44:21', NULL);
INSERT INTO `rc_sys_paramater` VALUES ('6642906077914220857', '系统参数', 'scs.service.platsecret', '9847064a32ae9f7f', 'global', 'Y', '0', 'admin', '2019-02-19 16:44:21', NULL);
INSERT INTO `rc_sys_paramater` VALUES ('6690252094285106839', '系统参数', 'scs.service.category.add', '/QGZWXX/portController/service?method=CreateCataLogGroup', 'global', 'Y', '0', 'admin', '2019-02-19 16:44:21', NULL);
INSERT INTO `rc_sys_paramater` VALUES ('6778246899092506295', '系统参数', 'gxjh.service.dept.query', '/dx-center/api/v1/center/dept/querybynum', 'global', 'Y', '0', 'admin', '2019-02-19 16:44:21', NULL);
INSERT INTO `rc_sys_paramater` VALUES ('6880788216803772055', '系统参数', 'gxjh.share', 'false', 'global', 'Y', '0', 'admin', '2019-02-19 16:44:21', NULL);
INSERT INTO `rc_sys_paramater` VALUES ('7795634373997316866', '系统参数', 'gxmh.service.subscribe.info', '/ds/apiInfo/subsCallBack', 'global', 'Y', '0', 'admin', '2019-02-19 16:44:21', NULL);
INSERT INTO `rc_sys_paramater` VALUES ('8018218136286022783', '系统参数', 'scs.service.key.query', '/QGZWXX/portController/service?method=GetResourcePlatToken', 'global', 'Y', '0', 'admin', '2019-02-19 16:44:21', NULL);
INSERT INTO `rc_sys_paramater` VALUES ('8784260685593985223', '系统参数', 'cas.yesOrNo', 'false', 'global', 'Y', '0', 'admin', '2019-02-19 16:44:21', NULL);
INSERT INTO `rc_sys_paramater` VALUES ('8784260685593985224', '系统参数', 'cas.user.add', '${cas.user.prefix}/api/v1/center/user/add_user_info', 'global', 'Y', '0', 'admin', '2019-02-19 16:44:21', '');
INSERT INTO `rc_sys_paramater` VALUES ('8784260685593985225', '系统参数', 'cas.user.prefix', '/dx-center', 'global', 'Y', '0', 'admin', '2019-02-19 16:44:21', '');
INSERT INTO `rc_sys_paramater` VALUES ('8784260685593985226', '系统参数', 'cas.user.update', '${cas.user.prefix}/api/v1/center/user/modify_user_info', 'global', 'Y', '0', 'admin', '2019-02-19 16:44:21', '');
INSERT INTO `rc_sys_paramater` VALUES ('8784260685593985227', '系统参数', 'cas.user.del', '${cas.user.prefix}/api/v1/center/user/del_user', 'global', 'Y', '0', 'admin', '2019-02-19 16:44:21', '');
INSERT INTO `rc_sys_paramater` VALUES ('8784260685593985228', '系统参数', 'cas.user.query', '${cas.user.prefix}/api/v1/center/user/query_by_username', 'global', 'Y', '0', 'admin', '2019-02-19 16:44:21', '');
INSERT INTO `rc_sys_paramater` VALUES ('8838935932145845710', '系统参数', 'scs.service.catalog.update', '/QGZWXX/portController/service?method=updateCataLogReq', 'global', 'Y', '0', 'admin', '2019-02-19 16:44:21', NULL);
INSERT INTO `rc_sys_paramater` VALUES ('8877231763098782152', '系统参数', 'scs.service.catalog.query.isHas.value', '3', 'global', 'Y', '0', 'admin', '2019-02-19 16:44:21', NULL);
INSERT INTO `rc_sys_paramater` VALUES ('8904048922199346075', '系统参数', 'gxjh.service.catalog.release', '/dx-center/content/releaseContent', 'global', 'Y', '0', 'admin', '2019-02-19 16:44:21', NULL);
INSERT INTO `rc_sys_paramater` VALUES ('89647205435066924', '系统参数', 'scs.service.catalog.del', '/QGZWXX/portController/service?method=DeleteCataLogReq', 'global', 'Y', '0', 'admin', '2019-02-19 16:44:21', NULL);
INSERT INTO `rc_sys_paramater` VALUES ('9215376348246522222', '目录关联自建库最大信息项创建数', 'items.batch.insert.limit', '500', 'global', 'Y', '0', 'admin', '2019-04-29 13:55:11', NULL);
INSERT INTO `rc_sys_paramater` VALUES ('9215376348246525813', '系统参数', 'test', '123', 'global', 'Y', '0', 'admin', '2019-02-19 16:44:21', NULL);
INSERT INTO `rc_sys_paramater` VALUES ('9215376348246525816', '系统参数', 'gxjh.service.catalog.queryMountCount', '/dx-center/content/queryMountCount', 'global', 'Y', '0', 'admin', '2019-02-19 16:44:21', NULL);
INSERT INTO `rc_sys_paramater` VALUES ('9215376348246525817', '基础类目最大层级', 'category.max.level.base', '1', 'global', 'Y', '0', 'admin', '2019-02-19 16:44:21', '');
INSERT INTO `rc_sys_paramater` VALUES ('9215376348246525818', '主题类目最大层级', 'category.max.level.theme', '1', 'global', 'Y', '0', 'admin', '2019-02-19 16:44:21', '');
INSERT INTO `rc_sys_paramater` VALUES ('9215376348246525819', '部门类目最大层级', 'category.max.level.department', '2', 'global', 'Y', '0', 'admin', '2019-02-19 16:44:21', '');
INSERT INTO `rc_sys_paramater` VALUES ('9215376348246525820', '部门类目类型', 'category.type.department', '3', 'global', 'Y', '0', 'admin', '2019-02-19 16:44:21', '');
INSERT INTO `rc_sys_paramater` VALUES ('9215376348246525821', '主题类目类型', 'category.type.theme', '2', 'global', 'Y', '0', 'admin', '2019-02-19 16:44:21', '');
INSERT INTO `rc_sys_paramater` VALUES ('9215376348246525822', '基础类目类型', 'category.type.base', '1', 'global', 'Y', '0', 'admin', '2019-02-19 16:44:21', '');
INSERT INTO `rc_sys_paramater` VALUES ('9215376348246525823', '区县类目类型', 'category.type.country', '4', 'global', 'Y', '0', 'admin', '2019-02-19 16:44:21', '');
INSERT INTO `rc_sys_paramater` VALUES ('9215376348246525824', '区县类目最大层级', 'category.max.level.country', '3', 'global', 'Y', '0', 'admin', '2019-02-19 16:44:21', '');
INSERT INTO `rc_sys_paramater` VALUES ('9215376348246525825', '自定义类目类型', 'category.type.custom', '5', 'global', 'Y', '0', 'admin', '2019-02-19 16:44:21', '');
INSERT INTO `rc_sys_paramater` VALUES ('9215376348246525826', '类目根节点id', 'category.root.id', '0', 'global', 'Y', '0', 'admin', '2019-02-19 16:44:21', '');
INSERT INTO `rc_sys_paramater` VALUES ('9215376348246525827', '需关联组织的类目类型', 'category.relative.department.types', '${category.type.department},${category.type.base},${category.type.country}', 'global', 'Y', '0', 'admin', '2019-02-19 16:44:21', '');
INSERT INTO `rc_sys_paramater` VALUES ('9215376348246525828', '部门类目编码表达式', 'category.department.expression', '${category.expression.prefix}+category.code.department+${category.code.department.suffix}', 'global', 'Y', '0', 'admin', '2019-02-19 16:44:21', NULL);
INSERT INTO `rc_sys_paramater` VALUES ('9215376348246525829', '基础类目编码表达式', 'category.base.expression', '${category.expression.prefix}+category.code.base+${category.code.base.suffix}', 'global', 'Y', '0', 'admin', '2019-02-19 16:44:21', NULL);
INSERT INTO `rc_sys_paramater` VALUES ('9215376348246525830', '主题类目编码表达式', 'category.theme.expression', '${category.expression.prefix}+category.code.theme+${category.code.theme.suffix}', 'global', 'Y', '0', 'admin', '2019-02-19 16:44:21', NULL);
INSERT INTO `rc_sys_paramater` VALUES ('9215376348246525831', '区县类目编码表达式', 'category.country.expression', '${category.expression.prefix}+category.code.country+${category.code.country.suffix}', 'global', 'Y', '0', 'admin', '2019-02-19 16:44:21', NULL);
INSERT INTO `rc_sys_paramater` VALUES ('9215376348246525832', '类目根编码（对应国家级的部门code）', 'category.code.root', '3', 'global', 'Y', '0', 'admin', '2019-02-19 16:44:21', NULL);
INSERT INTO `rc_sys_paramater` VALUES ('9215376348246525833', '省（自治区、 直辖市）', 'category.code.province', '07', 'global', 'Y', '0', 'admin', '2019-02-19 16:44:21', NULL);
INSERT INTO `rc_sys_paramater` VALUES ('9215376348246525834', '四川省', 'category.code.province.sc', '024', 'global', 'Y', '0', 'admin', '2019-02-19 16:44:21', NULL);
INSERT INTO `rc_sys_paramater` VALUES ('9215376348246525835', '测试的动态值', 'd', '000$', 'global', 'Y', '0', 'admin', '2019-02-19 16:44:21', NULL);
INSERT INTO `rc_sys_paramater` VALUES ('9215376348246525836', '测试的动态值对应表字段', 'd.field', 'rc_category_info.category_code', 'global', 'Y', '0', 'admin', '2019-02-19 16:44:21', NULL);
INSERT INTO `rc_sys_paramater` VALUES ('9215376348246525837', '系统参数', 'category.department.expression.yn', '${category.expression.prefix}', 'global', 'Y', '0', 'admin', '2019-02-19 16:44:21', NULL);
INSERT INTO `rc_sys_paramater` VALUES ('9215376348246525838', '云南省', 'category.code.province.yn', '025', 'global', 'Y', '0', 'admin', '2019-02-19 16:44:21', '');
INSERT INTO `rc_sys_paramater` VALUES ('9215376348246525839', '自定义类目最大层级', 'category.max.level.custom', '1', 'global', 'Y', '0', 'admin', '2019-02-19 16:44:21', '');
INSERT INTO `rc_sys_paramater` VALUES ('9215376348246525840', '自定义类目表达式', 'category.custom.expression', '${category.expression.prefix}+${category.code.custom.suffix}', 'global', 'Y', '0', 'admin', '2019-02-19 16:44:21', '');
INSERT INTO `rc_sys_paramater` VALUES ('9215376348246525841', '类目编码表达式前缀', 'category.expression.prefix', 'category.code.root+category.code.province+category.code.province.sc+category.code.city.sc.bz', 'global', 'Y', '0', 'admin', '2019-02-19 16:44:21', '');
INSERT INTO `rc_sys_paramater` VALUES ('9215376348246525842', '地州（地市）（云南）', 'category.code.city.yn', '06', 'global', 'Y', '0', 'admin', '2019-02-19 16:44:21', '');
INSERT INTO `rc_sys_paramater` VALUES ('9215376348246525843', '文山州', 'category.code.city.yn.km', '01', 'global', 'Y', '0', 'admin', '2019-02-19 16:44:21', '');
INSERT INTO `rc_sys_paramater` VALUES ('9215376348246525844', '巴中市', 'category.code.city.sc.bz', '0517', 'global', 'Y', '0', 'admin', '2019-02-19 16:44:21', '');
INSERT INTO `rc_sys_paramater` VALUES ('9215376348246525845', '基础类目编码', 'category.code.base', '1', 'global', 'Y', '0', 'admin', '2019-02-19 16:44:21', '');
INSERT INTO `rc_sys_paramater` VALUES ('9215376348246525846', '主题类目编码', 'category.code.theme', '2', 'global', 'Y', '0', 'admin', '2019-02-19 16:44:21', '');
INSERT INTO `rc_sys_paramater` VALUES ('9215376348246525847', '部门类目编码', 'category.code.department', '3', 'global', 'Y', '0', 'admin', '2019-02-19 16:44:21', '');
INSERT INTO `rc_sys_paramater` VALUES ('9215376348246525848', '区县类目编码', 'category.code.country', '4', 'global', 'Y', '0', 'admin', '2019-02-19 16:44:21', '');
INSERT INTO `rc_sys_paramater` VALUES ('9215376348246525849', '基础类目编码后缀', 'category.code.base.suffix', '001$', 'global', 'Y', '0', 'admin', '2019-02-19 16:44:21', '');
INSERT INTO `rc_sys_paramater` VALUES ('9215376348246525850', '主题类目编码后缀', 'category.code.theme.suffix', '001$', 'global', 'Y', '0', 'admin', '2019-02-19 16:44:21', '');
INSERT INTO `rc_sys_paramater` VALUES ('9215376348246525851', '部门类目编码后缀', 'category.code.department.suffix', '001$+00$', 'global', 'Y', '0', 'admin', '2019-02-19 16:44:21', '');
INSERT INTO `rc_sys_paramater` VALUES ('9215376348246525852', '区县类目编码后缀', 'category.code.country.suffix', '001$+00$+01$', 'global', 'Y', '0', 'admin', '2019-02-19 16:44:21', '');
INSERT INTO `rc_sys_paramater` VALUES ('9215376348246525853', '自定义类目编码后缀', 'category.code.custom.suffix', '1$+001$', 'global', 'Y', '0', 'admin', '2019-02-19 16:44:21', '');
INSERT INTO `rc_sys_paramater` VALUES ('9215376348246525854', '基础类目id', 'category.base.id', '1', 'global', 'Y', '0', 'admin', '2019-02-19 16:44:21', '');
INSERT INTO `rc_sys_paramater` VALUES ('9215376348246525855', '主题类目id', 'category.theme.id', '2', 'global', 'Y', '0', 'admin', '2019-02-19 16:44:21', '');
INSERT INTO `rc_sys_paramater` VALUES ('9215376348246525856', '部门类目id', 'category.department.id', '3', 'global', 'Y', '0', 'admin', '2019-02-19 16:44:21', '');
INSERT INTO `rc_sys_paramater` VALUES ('9215376348246525858', '区县类目id', 'category.country.id', '4', 'global', 'Y', '0', 'admin', '2019-02-19 16:44:21', '');
INSERT INTO `rc_sys_paramater` VALUES ('9215376348246525887', '区县code', 'sys.department.county.code', '2', 'global', 'Y', '0', 'admin', '2019-03-14 17:38:41', NULL);
INSERT INTO `rc_sys_paramater` VALUES ('9215376348246525888', '直属部门code', 'sys.department.immediate.code', '1', 'global', 'Y', '0', 'admin', '2019-03-14 17:38:41', NULL);
INSERT INTO `rc_sys_paramater` VALUES ('9215376348246525889', '区县level', 'sys.department.county.level', '3', 'global', 'Y', '0', 'admin', '2019-03-14 17:38:41', NULL);
INSERT INTO `rc_sys_paramater` VALUES ('9215376348246525890', '直属部门level', 'sys.department.immediate.level', '1', 'global', 'Y', '0', 'admin', '2019-03-14 17:38:41', NULL);
INSERT INTO `rc_sys_paramater` VALUES ('9215376348246525892', '审批超时时间设定', 'message.remind.timeout.interval', '3', 'global', 'Y', '0', 'admin', '2019-02-19 16:44:21', '');
INSERT INTO `rc_sys_paramater` VALUES ('9215376348246525893', '审批超时提醒时间间隔设定', 'message.remind.cron', '0 0/15 * * * ? ', 'global', 'Y', '0', 'admin', '2019-02-19 16:44:21', '');
INSERT INTO `rc_sys_paramater` VALUES ('9215376348246525894', '系统组织根节点', 'sys.department.root.code', '0', 'global', 'Y', '0', 'admin', '2019-02-19 16:44:21', '');
INSERT INTO `rc_sys_paramater` VALUES ('9215376348246525895', '省平台同步时标记的本系统的市名', 'syn.province.city.name', '攀枝花市', 'global', 'Y', '0', 'admin', '2019-02-19 16:44:21', '');
INSERT INTO `rc_sys_paramater` VALUES ('9215376348246525896', '省平台同步时标记的本系统的市名', 'syn.province.catalog.code.prefix', '${category.code.root}${category.code.province}${category.code.province.sc}', 'global', 'Y', '0', 'admin', '2019-02-19 16:44:21', '');
INSERT INTO `rc_sys_paramater` VALUES ('9215376348246525897', '系统参数', 'gxmh.service.dataApply', '/ds/dataApply/callBack', 'global', 'Y', '0', 'admin', '2019-02-19 16:44:21', NULL);
INSERT INTO `rc_sys_paramater` VALUES ('9215376348246525898', '系统参数', 'gxmh.service.dataCorrect', '/api/correction/correctionResp', 'global', 'Y', '0', 'admin', '2019-02-19 16:44:21', NULL);
INSERT INTO `rc_sys_paramater` VALUES ('9215376348246525899', '文件资源设置路径', 'file.resource.rootPath', 'D:\\opt\\file', 'global', 'Y', '0', 'admin', '2019-06-21 11:01:14', NULL);
INSERT INTO `rc_sys_paramater` VALUES ('9215376348246525900', '上传文件限制大小(单位:M)', 'file.resource.singleSize', '20', 'global', 'Y', '0', 'admin', '2019-06-21 11:02:56', NULL);
INSERT INTO `rc_sys_paramater` VALUES ('9215376348246525901', '服务网关url前缀', 'service.gateway.url.prefix', '/api', 'global', 'Y', '0', 'admin', '2019-06-21 11:02:56', '');
INSERT INTO `rc_sys_paramater` VALUES ('9215376348246525902', '服务网关接口注册url', 'service.gateway.url.interface.register', '/v1/inter/add', 'global', 'Y', '0', 'admin', '2019-06-21 11:02:56', '');
INSERT INTO `rc_sys_paramater` VALUES ('9215376348246525903', '服务网关接口删除url', 'service.gateway.url.interface.delete', '/v1/inter/del', 'global', 'Y', '0', 'admin', '2019-06-21 11:02:56', '');
INSERT INTO `rc_sys_paramater` VALUES ('9215376348246525904', '服务网关规则新增url', 'service.gateway.url.rule.add', '/rule/add', 'global', 'Y', '0', 'admin', '2019-06-21 11:02:56', '');
INSERT INTO `rc_sys_paramater` VALUES ('9215376348246525905', '服务网关规则删除url', 'service.gateway.url.rule.delete', '/rule/del', 'global', 'Y', '0', 'admin', '2019-06-21 11:02:56', '');
INSERT INTO `rc_sys_paramater` VALUES ('9215376348246525906', '服务网关分组新增url', 'service.gateway.url.group.add', '/group/add', 'global', 'Y', '0', 'admin', '2019-06-21 11:02:56', '');
INSERT INTO `rc_sys_paramater` VALUES ('9215376348246525907', '服务网关分组删除url', 'service.gateway.url.group.delete', '/group/del', 'global', 'Y', '0', 'admin', '2019-06-21 11:02:56', '');
INSERT INTO `rc_sys_paramater` VALUES ('9215376348246525908', '服务网关接口分组url', 'service.gateway.url.group.map.add', '/group/map/add', 'global', 'Y', '0', 'admin', '2019-06-21 11:02:56', '');
INSERT INTO `rc_sys_paramater` VALUES ('9215376348246525909', '上传文件不允许上传的文件类型', 'file.resource.not.allow.suffix', 'sh,bat,vbs', 'global', 'Y', '0', 'admin', '2019-06-21 14:04:49', NULL);
INSERT INTO `rc_sys_paramater` VALUES ('9215376348246525910', '文件资源上传文件列表限制大小(单位:M)', 'file.resource.totalSize', '20', 'global', 'Y', '0', 'admin', '2019-06-24 14:33:52', NULL);
INSERT INTO `rc_sys_paramater` VALUES ('9215376348246525911', '服务网关登录url', 'service.gateway.url.user.login', '/user/login', 'global', 'Y', '0', 'admin', '2019-06-21 11:02:56', '');
INSERT INTO `rc_sys_paramater` VALUES ('9215376348246525912', '服务网关登录用户', 'service.gateway.param.user.name', 'rcms_sys', 'global', 'Y', '0', 'admin', '2019-06-21 11:02:56', '');
INSERT INTO `rc_sys_paramater` VALUES ('9215376348246525913', '服务网关登录用户密码（未加密，使用MD5）', 'service.gateway.param.user.password', 'rcms_sys@123', 'global', 'Y', '0', 'admin', '2019-06-21 11:02:56', '');
INSERT INTO `rc_sys_paramater` VALUES ('9215376348246525914', '服务网关查询接口分页url', 'service.gateway.url.interface.query', '/v1/inter/search', 'global', 'Y', '0', 'admin', '2019-06-21 11:02:56', '');
INSERT INTO `rc_sys_paramater` VALUES ('9215376348246525915', '服务网关代理接口url', 'service.gateway.url.interface.proxy', '/v1/inter/proxy/', 'global', 'Y', '0', 'admin', '2019-06-21 11:02:56', '');
INSERT INTO `rc_sys_paramater` VALUES ('9215376348246525916', '服务网关查询接口详情url', 'service.gateway.url.interface.query.detail', '/v1/inter/', 'global', 'Y', '0', 'admin', '2019-06-21 11:02:56', '');
INSERT INTO `rc_sys_paramater` VALUES ('9215376348246525917', '服务网关接口取消代理url', 'service.gateway.url.interface.proxy.cancel', '/v1/inter/proxy_cancle/', 'global', 'Y', '0', 'admin', '2019-06-21 11:02:56', '');
INSERT INTO `rc_sys_paramater` VALUES ('9215376348246525918', 'DSG删除服务', 'dsg.delete.uri', '/dataServ/delDataServByServiceName', 'global', 'Y', '0', 'admin', '2019-06-21 11:02:56', NULL);
INSERT INTO `rc_sys_paramater` VALUES ('9215376348246525919', 'DSG获取所有数据源', 'dsg.source.query.uri', '/dataSource/getAllDSByGroupId', 'global', 'Y', '0', 'admin', '2019-06-21 11:02:56', NULL);
INSERT INTO `rc_sys_paramater` VALUES ('9215376348246525920', 'DSG发布服务用户名', 'dsg.service.user', 'wuyabing', 'global', 'Y', '0', 'admin', '2019-06-26 17:58:16', NULL);
INSERT INTO `rc_sys_paramater` VALUES ('9215376348246525921', 'DSG发布服务用户密码', 'dsg.service.passwd', 'wuyabing@h3c', 'global', 'Y', '0', 'admin', '2019-06-26 17:58:18', NULL);
INSERT INTO `rc_sys_paramater` VALUES ('9215376348246525922', 'DSG登录url', 'dsg.login.uri', '/j_spring_security_check', 'global', 'Y', '0', 'admin', '2019-06-26 17:58:21', NULL);
INSERT INTO `rc_sys_paramater` VALUES ('9215376348246525923', '文件列表文件最多上传个数', 'file.resource.fileCount', '10', 'global', 'Y', '0', 'admin', '2019-06-26 17:58:23', NULL);
INSERT INTO `rc_sys_paramater` VALUES ('9215376348246525924', 'DSG添加服务', 'dsg.add.uri', '/dataServ/addDataServ', 'global', 'Y', '0', 'admin', '2019-06-26 17:58:23', NULL);
INSERT INTO `rc_sys_paramater` VALUES ('9215376348246525925', 'DSG获取服务信息', 'dsg.get.uri', '/dataServ/getDataServByServiceName', 'global', 'Y', '0', 'admin', '2019-06-26 17:58:23', NULL);
INSERT INTO `rc_sys_paramater` VALUES ('9215376348246525926', 'DSG添加数据源', 'dsg.source.add.uri', '/dataSource/addDataSource', 'global', 'Y', '0', 'admin', '2019-06-26 17:58:23', NULL);
INSERT INTO `rc_sys_paramater` VALUES ('9215376348246525927', 'DSg删除数据源', 'dsg.source.delete.uri', '/dataSource/delDataSource', 'global', 'Y', '0', 'admin', '2019-06-26 17:58:23', NULL);
INSERT INTO `rc_sys_paramater` VALUES ('9215376348246525928', 'DSG修改数据源', 'dsg.source.edit.uri', '/dataSource/updateDataSource', 'global', 'Y', '0', 'admin', '2019-06-26 17:58:23', NULL);
INSERT INTO `rc_sys_paramater` VALUES ('9215376348246525929', 'DSG定时清除临时记录的时间(凌晨)', 'dsg.timer.time', '24:00:00', 'global', 'Y', '0', 'admin', '2019-06-26 17:58:23', NULL);

-- ----------------------------
-- Table structure for sp_sys_parameter
-- ----------------------------
DROP TABLE IF EXISTS `sp_sys_parameter`;
CREATE TABLE `sp_sys_parameter`  (
  `id` varchar(32) CHARACTER SET utf8 COLLATE utf8_general_ci NOT NULL COMMENT 'UUID主键',
  `param_name` varchar(100) CHARACTER SET utf8 COLLATE utf8_general_ci NOT NULL COMMENT '参数名称',
  `param_key` varchar(100) CHARACTER SET utf8 COLLATE utf8_general_ci NOT NULL COMMENT '参数键值',
  `param_value` varchar(100) CHARACTER SET utf8 COLLATE utf8_general_ci NOT NULL COMMENT '参数名称',
  `param_type` varchar(32) CHARACTER SET utf8 COLLATE utf8_general_ci DEFAULT NULL COMMENT '参数类型（示例：dict_para_type）',
  `default_param` char(4) CHARACTER SET utf8 COLLATE utf8_general_ci DEFAULT NULL COMMENT '是否系统内置:Y-是、N-否',
  `status` char(4) CHARACTER SET utf8 COLLATE utf8_general_ci NOT NULL DEFAULT '0' COMMENT '状态：0启用、1停用',
  `create_user` varchar(64) CHARACTER SET utf8 COLLATE utf8_general_ci DEFAULT NULL COMMENT '创建者',
  `create_time` datetime(0) DEFAULT NULL COMMENT '创建时间',
  `remark` varchar(255) CHARACTER SET utf8 COLLATE utf8_general_ci DEFAULT NULL COMMENT '参数描述',
  PRIMARY KEY (`id`) USING BTREE
) ENGINE = InnoDB CHARACTER SET = utf8 COLLATE = utf8_general_ci COMMENT = '系统参数表' ROW_FORMAT = Dynamic;

-- ----------------------------
-- Records of sp_sys_parameter
-- ----------------------------
INSERT INTO `sp_sys_parameter` VALUES ('11', '角色id', 'super.role.id', '2018122420021233', 'global', 'Y', '0', 'admin', '2019-04-18 16:40:27', '运维角色super');
INSERT INTO `sp_sys_parameter` VALUES ('12', '角色id', 'admin.role.id', '2018081409283020', 'global', 'Y', '0', 'admin', '2019-04-18 16:40:27', '超管角色admin');
INSERT INTO `sp_sys_parameter` VALUES ('13', '角色id', 'system.role.id', '20190325111118165', 'global', 'Y', '0', 'admin', '2019-04-18 16:40:27', '平台管理员sysadmin');
INSERT INTO `sp_sys_parameter` VALUES ('14', '角色id', 'default.role.id', '2019012915060499', 'global', 'Y', '0', 'admin', '2019-04-18 16:40:27', '单点登录时，不在门户的用户拥有的默认权限');
INSERT INTO `sp_sys_parameter` VALUES ('15', '角色id', 'depart.role.id', '2018092614421400', 'global', 'Y', '0', 'admin', '2019-04-18 16:40:27', '部门管理员');
INSERT INTO `sp_sys_parameter` VALUES ('16', '角色id', 'user.role.id', '20180816122815909', 'global', 'Y', '0', 'admin', '2019-04-18 16:40:27', '普通用户');
INSERT INTO `sp_sys_parameter` VALUES ('17', '部门id', 'root.depart.id', '1', 'global', 'Y', '0', 'admin', '2019-04-18 16:40:27', '根部门id');
INSERT INTO `sp_sys_parameter` VALUES ('18', '部门id', 'direct.depart.id', '2', 'global', 'Y', '0', 'admin', '2019-04-18 16:40:27', '直属部门id');
INSERT INTO `sp_sys_parameter` VALUES ('19', '部门id', 'county.depart.id', '3', 'global', 'Y', '0', 'admin', '2019-04-18 16:40:27', '区县id');
INSERT INTO `sp_sys_parameter` VALUES ('21', '系统简称', 'center.server.name', 'CENTERSERVER', 'global', 'Y', '0', 'admin', '2019-04-18 16:40:27', '交换中心');
INSERT INTO `sp_sys_parameter` VALUES ('22', '系统简称', 'catalog.server.name', 'CATALOGSERVER', 'global', 'Y', '0', 'admin', '2019-04-18 16:40:27', '资源目录');
INSERT INTO `sp_sys_parameter` VALUES ('23', '系统简称', 'sharing.server.name', 'SHARINGSERVER', 'global', 'Y', '0', 'admin', '2019-04-18 16:40:27', '共享门户');
INSERT INTO `sp_sys_parameter` VALUES ('24', '系统简称', 'open.server.name', 'OPENSERVER', 'global', 'Y', '0', 'admin', '2019-04-18 16:40:27', '开放门户');
INSERT INTO `sp_sys_parameter` VALUES ('31', '远程调用URI', 'cancel.subscribe.uri', '/rc/resource/subscribe/cancel', 'global', 'Y', '0', 'admin', '2019-04-18 16:40:27', '取消订阅');
INSERT INTO `sp_sys_parameter` VALUES ('32', '远程调用URI', 'mount.rate.uri', '/rc/catalog/queryMountCount', 'global', 'Y', '0', 'admin', '2019-04-18 16:40:27', '挂载率查询');
INSERT INTO `sp_sys_parameter` VALUES ('33', '远程调用URI', 'do.subscribe.uri', '/rc/resource/subscribe', 'global', 'Y', '0', 'admin', '2019-04-18 16:40:27', '订阅请求');
INSERT INTO `sp_sys_parameter` VALUES ('34', '远程调用URI', 'data.correct.uri', '/rc/personal/deal/data/correct', 'global', 'Y', '0', 'admin', '2019-04-18 16:40:27', '数据纠错');
INSERT INTO `sp_sys_parameter` VALUES ('35', '远程调用URI', 'data.apply.uri', '/rc/personal/deal/data/apply', 'global', 'Y', '0', 'admin', '2019-04-18 16:40:27', '数据申请');
INSERT INTO `sp_sys_parameter` VALUES ('36', '远程调用URI', 'api.statistic.uri', '/rc/resource/statistic', 'global', 'Y', '0', 'admin', NULL, '接口访问量统计');
INSERT INTO `sp_sys_parameter` VALUES ('37', '远程调用URI', 'api.access.limit.uri', '/rc/resource/accessLimit', 'global', 'Y', '0', 'admin', NULL, '接口访问限流设置');
INSERT INTO `sp_sys_parameter` VALUES ('41', '系统参数', 'refresh.token.second', '10', 'global', 'Y', '0', 'admin', '2019-04-18 16:40:27', 'token的刷新秒数');
INSERT INTO `sp_sys_parameter` VALUES ('42', '系统参数', 'message.remind.timeout.interval', '3', 'global', 'Y', '0', 'admin', '2019-04-18 16:40:27', '超时提醒时间');
INSERT INTO `sp_sys_parameter` VALUES ('43', '系统参数', 'message.remind.crontab', '0 0/10 * * * ? ', 'global', 'Y', '0', 'admin', '2019-04-18 16:40:27', '超时提醒频率');
INSERT INTO `sp_sys_parameter` VALUES ('44', '系统参数', 'apply.attachment.file.root', 'D:\\\\opt\\\\file\\\\upload', 'global', 'Y', '0', 'admin', '2019-04-18 16:40:27', '申请附件存放位置');
INSERT INTO `sp_sys_parameter` VALUES ('45', '系统参数', 'apply.attachment.suffix', 'docx,doc,pdf,rar,zip,tar,tar.gz', 'global', 'Y', '0', 'admin', '2019-04-18 16:40:27', '申请附件的后缀');
INSERT INTO `sp_sys_parameter` VALUES ('46', '系统参数', 'apply.attachment.max.size', '30', 'global', 'Y', '0', 'admin', '2019-04-18 16:40:27', '附件最大大小，单位M');
INSERT INTO `sp_sys_parameter` VALUES ('47', '系统参数', 'laws.file.root', 'D:\\\\opt\\\\file\\\\upload\\\\laws', 'global', 'Y', '0', 'admin', '2019-04-18 16:40:27', '政策法规上传位置');
INSERT INTO `sp_sys_parameter` VALUES ('48', '系统参数', 'laws.file.suffix', 'pdf', 'global', 'Y', '0', 'admin', '2019-04-18 16:40:27', '政策法规的文件后缀');
INSERT INTO `sp_sys_parameter` VALUES ('49', '系统参数', 'laws.file.max.size', '30', 'global', 'Y', '0', 'admin', '2019-04-18 16:40:27', '附件最大大小，单位M');
INSERT INTO `sp_sys_parameter` VALUES ('50', '调用DSGURI', 'dsg.delete.uri', '/dataServ/delDataServByServiceName', 'globl', 'Y', '0', 'admin', '2019-04-18 16:40:27', '根据服务名称删除服务');
INSERT INTO `sp_sys_parameter` VALUES ('51', '订阅文件下载最大size', 'subscribe.file.download.max.size', '20', 'global', 'Y', '0', 'admin', '2019-06-26 15:39:57', '订阅文件下载最大size，单位M');

-- ----------------------------
-- Table structure for sys_dict_data
-- ----------------------------
DROP TABLE IF EXISTS `sys_dict_data`;
CREATE TABLE `sys_dict_data`  (
  `id` varchar(32) CHARACTER SET utf8 COLLATE utf8_general_ci NOT NULL COMMENT 'UUID主键',
  `dict_sort` int(100) NOT NULL COMMENT '字典排序',
  `dict_label` varchar(32) CHARACTER SET utf8 COLLATE utf8_general_ci DEFAULT NULL COMMENT '字典标签',
  `dict_value` varchar(100) CHARACTER SET utf8 COLLATE utf8_general_ci DEFAULT NULL COMMENT '字典键值',
  `dict_type` varchar(64) CHARACTER SET utf8 COLLATE utf8_general_ci DEFAULT NULL COMMENT '字典类型',
  `status` char(4) CHARACTER SET utf8 COLLATE utf8_general_ci DEFAULT NULL COMMENT '状态：0启用、1禁用',
  `create_user` varchar(64) CHARACTER SET utf8 COLLATE utf8_general_ci DEFAULT NULL COMMENT '创建者',
  `create_time` datetime(0) DEFAULT NULL COMMENT '创建时间',
  `update_user` varchar(64) CHARACTER SET utf8 COLLATE utf8_general_ci DEFAULT NULL COMMENT '更新者',
  `update_time` datetime(0) DEFAULT NULL COMMENT '更新时间',
  `remark` varchar(255) CHARACTER SET utf8 COLLATE utf8_general_ci DEFAULT NULL COMMENT '备注',
  PRIMARY KEY (`id`) USING BTREE,
  INDEX `根据类型查询索引`(`dict_value`, `dict_type`) USING BTREE
) ENGINE = InnoDB CHARACTER SET = utf8 COLLATE = utf8_general_ci COMMENT = '系统字典数据表' ROW_FORMAT = Dynamic;

-- ----------------------------
-- Records of sys_dict_data
-- ----------------------------
INSERT INTO `sys_dict_data` VALUES ('1', 1, '男', '0', 'DIC_SEX', '0', 'admin', NULL, 'admin', '2018-08-03 16:16:30', '1111');
INSERT INTO `sys_dict_data` VALUES ('10', 7, '资源环境', '8', 'DIC_THEME_TYPE', '0', 'admin', NULL, 'admin', '2018-08-08 11:41:05', '时出错错错错错');
INSERT INTO `sys_dict_data` VALUES ('1014866486574890897', 1, '添加', 'ADD', 'OPERATION_AUTHORIZATION', '0', 'admin', '2018-08-13 15:25:28', 'admin', '2018-08-23 16:07:35', '添加操作');
INSERT INTO `sys_dict_data` VALUES ('1065908024436214197', 999, '我的申请_接口订阅_删除', 'INTERFACEAPPLY_DELETE', 'OPERATION_AUTHORIZATION', '0', 'admin', '2019-01-09 17:42:41', NULL, '2019-01-09 17:42:41', '');
INSERT INTO `sys_dict_data` VALUES ('11', 8, '文体娱乐', '9', 'DIC_THEME_TYPE', '0', 'admin', NULL, 'admin', '2018-08-08 11:29:10', '奥术大师多2');
INSERT INTO `sys_dict_data` VALUES ('1101538452371125199', 999, 'tt', 'tt', 'testtts', '', 'luozongyuan1', '2019-02-01 10:57:36', NULL, '2019-02-01 10:57:36', '');
INSERT INTO `sys_dict_data` VALUES ('12', 9, '机构团体', '10', 'DIC_THEME_TYPE', '0', 'admin', NULL, 'admin', '2018-08-08 11:26:39', '全额翁群');
INSERT INTO `sys_dict_data` VALUES ('1230264926579441579', 999, 'bb', 'bb', '啊啊', '0', 'ldd', '2019-01-31 10:45:28', NULL, '2019-01-31 10:45:28', '');
INSERT INTO `sys_dict_data` VALUES ('13', 10, '公共安全', '11', 'DIC_THEME_TYPE', '0', 'admin', NULL, 'admin', '2018-08-08 11:32:12', '2312');
INSERT INTO `sys_dict_data` VALUES ('14', 11, '农业农村', '12', 'DIC_THEME_TYPE', '0', 'admin', NULL, 'admin', '2018-07-27 00:00:00', NULL);
INSERT INTO `sys_dict_data` VALUES ('140', 1, '服务业', '1', 'DIC_INDUSTRY', '0', 'admin', '2018-07-27 00:00:00', 'admin', '2018-07-27 00:00:00', NULL);
INSERT INTO `sys_dict_data` VALUES ('141', 2, '卫生保障', '2', 'DIC_INDUSTRY', '0', 'admin', '2018-07-27 00:00:00', 'admin', '2018-07-27 00:00:00', NULL);
INSERT INTO `sys_dict_data` VALUES ('142', 3, '文化娱乐', '3', 'DIC_INDUSTRY', '0', 'admin', '2018-07-27 00:00:00', 'admin', '2018-07-27 00:00:00', NULL);
INSERT INTO `sys_dict_data` VALUES ('143', 4, '教育', '4', 'DIC_INDUSTRY', '0', 'admin', '2018-07-27 00:00:00', 'admin', '2018-07-27 00:00:00', NULL);
INSERT INTO `sys_dict_data` VALUES ('144', 5, '水利交通', '5', 'DIC_INDUSTRY', '0', 'admin', '2018-07-27 00:00:00', 'admin', '2018-07-27 00:00:00', NULL);
INSERT INTO `sys_dict_data` VALUES ('145', 6, '建筑业', '6', 'DIC_INDUSTRY', '0', 'admin', '2018-07-27 00:00:00', 'admin', '2018-07-27 00:00:00', NULL);
INSERT INTO `sys_dict_data` VALUES ('146', 7, '金融业', '7', 'DIC_INDUSTRY', '0', 'admin', '2018-07-27 00:00:00', 'admin', '2018-07-27 00:00:00', NULL);
INSERT INTO `sys_dict_data` VALUES ('147', 8, '批发零售', '8', 'DIC_INDUSTRY', '0', 'admin', '2018-07-27 00:00:00', 'admin', '2018-07-27 00:00:00', NULL);
INSERT INTO `sys_dict_data` VALUES ('148', 9, '房地产业', '9', 'DIC_INDUSTRY', '0', 'admin', '2018-07-27 00:00:00', 'admin', '2018-07-27 00:00:00', NULL);
INSERT INTO `sys_dict_data` VALUES ('149', 10, '信息传输', '10', 'DIC_INDUSTRY', '0', 'admin', '2018-07-27 00:00:00', 'admin', '2018-07-27 00:00:00', NULL);
INSERT INTO `sys_dict_data` VALUES ('15', 12, '财税金融', '13', 'DIC_THEME_TYPE', '0', 'admin', '2018-07-27 00:00:00', 'admin', '2018-07-27 00:00:00', NULL);
INSERT INTO `sys_dict_data` VALUES ('150', 11, '制造业', '11', 'DIC_INDUSTRY', '0', 'admin', '2018-07-27 00:00:00', 'admin', '2018-07-27 00:00:00', NULL);
INSERT INTO `sys_dict_data` VALUES ('151', 12, '电力燃气', '12', 'DIC_INDUSTRY', '0', 'admin', '2018-07-27 00:00:00', 'admin', '2018-07-27 00:00:00', NULL);
INSERT INTO `sys_dict_data` VALUES ('152', 13, '农业', '13', 'DIC_INDUSTRY', '0', 'admin', '2018-07-27 00:00:00', 'admin', '2018-07-27 00:00:00', NULL);
INSERT INTO `sys_dict_data` VALUES ('153', 14, '计算机服务', '14', 'DIC_INDUSTRY', '0', 'admin', '2018-07-27 00:00:00', 'admin', '2018-07-27 00:00:00', NULL);
INSERT INTO `sys_dict_data` VALUES ('1538131483368310076', 21, '应用管理', 'APPLICATION_MANAGEMENT', 'OPERATION_AUTHORIZATION', '0', 'admin', '2018-08-30 16:26:26', 'admin', '2018-08-30 16:26:26', '');
INSERT INTO `sys_dict_data` VALUES ('154', 15, '住宿餐饮', '15', 'DIC_INDUSTRY', '0', 'admin', '2018-07-27 00:00:00', 'admin', '2018-07-27 00:00:00', NULL);
INSERT INTO `sys_dict_data` VALUES ('155', 16, '林业', '16', 'DIC_INDUSTRY', '0', 'admin', '2018-07-27 00:00:00', 'admin', '2018-07-27 00:00:00', NULL);
INSERT INTO `sys_dict_data` VALUES ('156', 17, '软件业', '17', 'DIC_INDUSTRY', '0', 'admin', '2018-07-27 00:00:00', 'admin', '2018-07-27 00:00:00', NULL);
INSERT INTO `sys_dict_data` VALUES ('157', 1, '完全开放', '1', 'DIC_OPEN_LEVEL', '0', 'admin', '2018-07-27 00:00:00', 'admin', '2018-07-27 00:00:00', NULL);
INSERT INTO `sys_dict_data` VALUES ('1570021034502699925', 999, '服务生成', 'DSG', 'OPERATION_AUTHORIZATION', '0', 'admin', '2019-03-21 17:59:14', NULL, '2019-03-21 17:59:14', '');
INSERT INTO `sys_dict_data` VALUES ('158', 2, '不完全开放', '2', 'DIC_OPEN_LEVEL', '0', 'admin', '2018-07-27 00:00:00', 'admin', '2018-07-27 00:00:00', NULL);
INSERT INTO `sys_dict_data` VALUES ('159', 3, '有条件开放', '3', 'DIC_OPEN_LEVEL', '0', 'admin', '2018-07-27 00:00:00', 'admin', '2018-07-27 00:00:00', NULL);
INSERT INTO `sys_dict_data` VALUES ('1595095137688634384', 999, '交通专题', 'TRAFFIC', 'OPERATION_AUTHORIZATION', '0', 'admin', '2018-08-31 14:12:56', 'admin', '2018-08-31 14:12:56', 'specific-analysis');
INSERT INTO `sys_dict_data` VALUES ('160', 1, '经济支出', '1', 'DIC_TAG', '0', 'admin', '2018-07-27 00:00:00', 'admin', '2018-08-17 12:58:53', '1');
INSERT INTO `sys_dict_data` VALUES ('161', 2, '公用', '2', 'DIC_TAG', '0', 'admin', '2018-07-27 00:00:00', 'admin', '2018-07-27 00:00:00', NULL);
INSERT INTO `sys_dict_data` VALUES ('162', 3, '预算', '3', 'DIC_TAG', '0', 'admin', '2018-07-27 00:00:00', 'admin', '2018-07-27 00:00:00', NULL);
INSERT INTO `sys_dict_data` VALUES ('163', 4, '教育', '4', 'DIC_TAG', '0', 'admin', '2018-07-27 00:00:00', 'admin', '2018-07-27 00:00:00', NULL);
INSERT INTO `sys_dict_data` VALUES ('1639405863087879900', 999, '我的申请_接口订阅_查看', 'INTERFACEAPPLY_DETAIL', 'OPERATION_AUTHORIZATION', '0', 'admin', '2019-01-09 17:41:58', NULL, '2019-01-09 17:41:58', '');
INSERT INTO `sys_dict_data` VALUES ('164', 5, '增长', '5', 'DIC_TAG', '0', 'admin', '2018-07-27 00:00:00', 'admin', '2018-07-27 00:00:00', NULL);
INSERT INTO `sys_dict_data` VALUES ('165', 6, '公共财政', '6', 'DIC_TAG', '0', 'admin', '2018-07-27 00:00:00', 'admin', '2018-07-27 00:00:00', NULL);
INSERT INTO `sys_dict_data` VALUES ('166', 1, '目录浏览', '1', 'DIC_VISIT_TYPE', '0', 'admin', '2018-07-27 00:00:00', 'admin', '2018-07-27 00:00:00', NULL);
INSERT INTO `sys_dict_data` VALUES ('167', 2, '接口浏览', '2', 'DIC_VISIT_TYPE', '0', 'admin', '2018-07-27 00:00:00', 'admin', '2018-07-27 00:00:00', NULL);
INSERT INTO `sys_dict_data` VALUES ('168', 3, '接口调用', '3', 'DIC_VISIT_TYPE', '0', 'admin', '2018-07-27 00:00:00', 'admin', '2018-07-27 00:00:00', NULL);
INSERT INTO `sys_dict_data` VALUES ('169', 4, '接口订阅', '4', 'DIC_VISIT_TYPE', '0', 'admin', '2018-07-27 00:00:00', 'admin', '2018-07-27 00:00:00', NULL);
INSERT INTO `sys_dict_data` VALUES ('170', 5, '文件下载', '5', 'DIC_VISIT_TYPE', '0', 'admin', '2018-07-27 00:00:00', 'admin', '2018-07-27 00:00:00', NULL);
INSERT INTO `sys_dict_data` VALUES ('171', 6, '应用预览', '6', 'DIC_VISIT_TYPE', '0', 'admin', '2018-07-27 00:00:00', 'admin', '2018-07-27 00:00:00', NULL);
INSERT INTO `sys_dict_data` VALUES ('172', 1, '停用', '0', 'DIC_USE_STATUS', '0', 'admin', '2018-07-27 00:00:00', 'admin', '2018-07-27 00:00:00', NULL);
INSERT INTO `sys_dict_data` VALUES ('173', 2, '启用', '1', 'DIC_USE_STATUS', '0', 'admin', '2018-07-27 00:00:00', 'admin', '2018-07-27 00:00:00', NULL);
INSERT INTO `sys_dict_data` VALUES ('1736104119431088343', 7, '重置', 'RESET', 'OPERATION_AUTHORIZATION', '0', 'admin', '2018-08-23 15:07:26', 'admin', '2018-08-23 15:07:26', '重置');
INSERT INTO `sys_dict_data` VALUES ('174', 1, '否', '0', 'DIC_WHETHER_STATUS', '0', 'admin', '2018-07-27 00:00:00', 'admin', '2018-07-27 00:00:00', NULL);
INSERT INTO `sys_dict_data` VALUES ('175', 2, '是', '1', 'DIC_WHETHER_STATUS', '0', 'admin', '2018-07-27 00:00:00', 'admin', '2018-07-27 00:00:00', NULL);
INSERT INTO `sys_dict_data` VALUES ('1777790379749491508', 999, '查询', 'search', 'API_TYPE', '0', 'admin', '2020-01-07 09:27:38', NULL, '2020-01-07 09:27:38', '');
INSERT INTO `sys_dict_data` VALUES ('183', 2, '机关', '1', 'DIC_USER_TYPE', '0', 'admin', '2018-07-27 00:00:00', 'admin', '2018-07-27 00:00:00', NULL);
INSERT INTO `sys_dict_data` VALUES ('184', 3, '事业单位', '2', 'DIC_USER_TYPE', '0', 'admin', '2018-07-27 00:00:00', 'admin', '2018-07-27 00:00:00', NULL);
INSERT INTO `sys_dict_data` VALUES ('185', 4, '社会团体', '3', 'DIC_USER_TYPE', '0', 'admin', '2018-07-27 00:00:00', 'admin', '2018-07-27 00:00:00', NULL);
INSERT INTO `sys_dict_data` VALUES ('186', 5, '企业', '4', 'DIC_USER_TYPE', '0', 'admin', '2018-07-27 00:00:00', 'admin', '2018-07-27 00:00:00', NULL);
INSERT INTO `sys_dict_data` VALUES ('1868635646080629668', 999, '五分钟', '1', 'EXTRACT_FREQUENCY', '0', 'lirongheng', '2020-01-07 09:31:44', NULL, '2020-01-07 09:31:44', '');
INSERT INTO `sys_dict_data` VALUES ('187', 6, '其他', '5', 'DIC_USER_TYPE', '0', 'admin', '2018-07-27 00:00:00', 'admin', '2018-07-27 00:00:00', NULL);
INSERT INTO `sys_dict_data` VALUES ('188', 1, '学习', '0', 'DIC_EFFECT_INFO', '0', 'admin', '2018-07-27 00:00:00', 'admin', '2018-07-27 00:00:00', NULL);
INSERT INTO `sys_dict_data` VALUES ('189', 2, '研究', '1', 'DIC_EFFECT_INFO', '0', 'admin', '2018-07-27 00:00:00', 'admin', '2018-07-27 00:00:00', NULL);
INSERT INTO `sys_dict_data` VALUES ('190', 3, '商业', '2', 'DIC_EFFECT_INFO', '0', 'admin', '2018-07-27 00:00:00', 'admin', '2018-07-27 00:00:00', NULL);
INSERT INTO `sys_dict_data` VALUES ('1902560253937271090', 999, '内部公告_删除', 'NOTICE_DELETE', 'OPERATION_AUTHORIZATION', '', 'admin', '2019-01-09 17:22:49', NULL, '2019-01-09 17:22:49', '');
INSERT INTO `sys_dict_data` VALUES ('191', 4, '公益', '3', 'DIC_EFFECT_INFO', '0', 'admin', '2018-07-27 00:00:00', 'admin', '2018-07-27 00:00:00', NULL);
INSERT INTO `sys_dict_data` VALUES ('192', 5, '教育', '4', 'DIC_EFFECT_INFO', '0', 'admin', '2018-07-27 00:00:00', 'admin', '2018-07-27 00:00:00', NULL);
INSERT INTO `sys_dict_data` VALUES ('1929218303345781', 999, '医疗', '00022', 'DIC_TAG', '0', 'admin', '2018-08-17 17:56:59', 'admin', NULL, '');
INSERT INTO `sys_dict_data` VALUES ('193', 6, '其他', '5', 'DIC_EFFECT_INFO', '0', 'admin', '2018-07-27 00:00:00', 'admin', '2018-07-27 00:00:00', NULL);
INSERT INTO `sys_dict_data` VALUES ('194', 1, '失效', '0', 'DIC_EFFICACY_STATUS', '0', 'admin', '2018-07-27 00:00:00', 'admin', '2018-07-27 00:00:00', NULL);
INSERT INTO `sys_dict_data` VALUES ('195', 2, '有效', '1', 'DIC_EFFICACY_STATUS', '0', 'admin', '2018-07-27 00:00:00', 'admin', '2018-07-27 00:00:00', NULL);
INSERT INTO `sys_dict_data` VALUES ('196', 1, '经济发展', '0', 'DIC_APPLICATION_TYPE', '0', 'admin', '2018-07-27 00:00:00', 'admin', '2018-07-27 00:00:00', NULL);
INSERT INTO `sys_dict_data` VALUES ('1961445727980992347', 999, '营业执照', '营业执照', 'DIC_OCR_TYPE', '0', 'wanghaolin', '2019-01-04 10:34:32', NULL, '2019-01-04 10:34:32', '');
INSERT INTO `sys_dict_data` VALUES ('197', 2, '气象服务', '1', 'DIC_APPLICATION_TYPE', '0', 'admin', '2018-07-27 00:00:00', 'admin', '2018-07-27 00:00:00', NULL);
INSERT INTO `sys_dict_data` VALUES ('198', 3, '道路交通', '2', 'DIC_APPLICATION_TYPE', '0', 'admin', '2018-07-27 00:00:00', 'admin', '2018-07-27 00:00:00', NULL);
INSERT INTO `sys_dict_data` VALUES ('199', 4, '民生服务', '3', 'DIC_APPLICATION_TYPE', '0', 'admin', '2018-07-27 00:00:00', 'admin', '2018-07-27 00:00:00', NULL);
INSERT INTO `sys_dict_data` VALUES ('2', 2, '女', '1', 'DIC_SEX', '0', 'admin', '2018-07-27 00:00:00', 'admin', '2018-07-27 00:00:00', NULL);
INSERT INTO `sys_dict_data` VALUES ('200', 5, '办公学习', '4', 'DIC_APPLICATION_TYPE', '0', 'admin', '2018-07-27 00:00:00', 'admin', '2018-12-05 17:41:30', '办公学习');
INSERT INTO `sys_dict_data` VALUES ('201', 1, '医疗卫生', '5', 'DIC_APPLICATION_TYPE', '0', 'admin', '2018-07-27 00:00:00', 'admin', '2018-12-05 17:41:45', '医疗卫生');
INSERT INTO `sys_dict_data` VALUES ('210', 1, '不过滤', '0', 'DIC_LOGICAL_TYPE', '0', 'admin', '2018-07-30 08:47:18', 'admin', '2018-07-30 08:47:20', NULL);
INSERT INTO `sys_dict_data` VALUES ('211', 2, 'AND', '1', 'DIC_LOGICAL_TYPE', NULL, 'admin', '2018-07-30 08:47:54', 'admin', '2018-07-30 08:47:57', NULL);
INSERT INTO `sys_dict_data` VALUES ('212', 3, 'OR', '2', 'DIC_LOGICAL_TYPE', NULL, 'admin', '2018-07-30 08:48:13', 'admin', '2018-07-30 08:48:19', NULL);
INSERT INTO `sys_dict_data` VALUES ('213', 1, '通知', '1', 'DIC_MESSAGE_TYPE', '0', 'admin', '2018-08-08 10:42:34', 'admin', '2018-08-08 10:42:37', NULL);
INSERT INTO `sys_dict_data` VALUES ('214', 2, '告警', '0', 'DIC_MESSAGE_TYPE', '0', 'admin', '2018-08-08 10:43:41', 'admin', '2018-08-08 10:43:44', NULL);
INSERT INTO `sys_dict_data` VALUES ('215', 1, '未读', '0', 'DIC_MESSAGE_STATUS', '0', 'admin', '2018-08-08 10:51:10', 'admin', '2018-08-08 10:51:12', NULL);
INSERT INTO `sys_dict_data` VALUES ('216', 2, '已读', '1', 'DIC_MESSAGE_STATUS', '0', 'admin', '2018-08-08 10:51:29', 'admin', '2018-08-08 10:51:31', NULL);
INSERT INTO `sys_dict_data` VALUES ('2223470690948498446', 999, '角色', '1', 'DIC_NODE_TYPE', '0', 'admin', '2018-10-18 14:33:26', 'admin', '2018-10-25 15:03:22', '');
INSERT INTO `sys_dict_data` VALUES ('2284671832613078506', 6, '新增接口', 'ADD_INTERFACE', 'OPERATION_AUTHORIZATION', '0', 'admin', '2018-08-23 14:56:54', 'admin', '2018-08-23 14:56:54', '新增接口');
INSERT INTO `sys_dict_data` VALUES ('232618562657367570', 5, '天', 'day', 'FILLIN_PWRIOD', '0', 'admin', '2019-09-06 14:39:58', NULL, '2019-09-06 14:39:58', '');
INSERT INTO `sys_dict_data` VALUES ('2371635706718108752', 999, '答复', 'REPLY', 'OPERATION_AUTHORIZATION', '0', 'admin', '2019-01-14 11:38:45', NULL, '2019-01-14 15:32:48', '');
INSERT INTO `sys_dict_data` VALUES ('2403511579515897248', 999, '表A', 'A', 'biaodan', '0', 'admin', '2020-03-27 17:08:17', NULL, '2020-03-27 17:08:17', '');
INSERT INTO `sys_dict_data` VALUES ('2435878347311789416', 999, '数字孪生', 'b_digitaltwins', 'CALLER_NAME', '0', 'admin', '2020-03-18 15:30:09', NULL, '2020-03-18 15:30:09', '');
INSERT INTO `sys_dict_data` VALUES ('260', 1, '查询', 'query', 'DIC_SQL_TYPE', '0', 'admin', '2018-09-04 09:02:29', 'admin', '2018-09-04 09:02:31', NULL);
INSERT INTO `sys_dict_data` VALUES ('2609457203269684265', 999, '上云业务合同', '上云业务合同', 'DIC_OCR_TYPE', '0', 'wanghaolin', '2019-01-04 10:35:40', NULL, '2019-01-04 10:35:40', '上云业务合同');
INSERT INTO `sys_dict_data` VALUES ('261', 2, '新增', 'insert', 'DIC_SQL_TYPE', '0', 'admin', '2018-09-04 09:03:23', 'admin', '2018-09-04 09:03:25', NULL);
INSERT INTO `sys_dict_data` VALUES ('262', 3, '修改', 'update', 'DIC_SQL_TYPE', '0', 'admin', '2018-09-04 09:03:48', 'admin', '2018-09-04 09:03:50', NULL);
INSERT INTO `sys_dict_data` VALUES ('263', 4, '删除', 'delete', 'DIC_SQL_TYPE', '0', 'admin', '2018-09-04 09:04:17', 'admin', '2018-09-04 09:04:19', NULL);
INSERT INTO `sys_dict_data` VALUES ('2635812527477376462', 999, '目录系统显示', 'CASHOW', 'OPERATION_AUTHORIZATION', '0', 'wuyabing', '2018-12-26 11:28:06', NULL, '2018-12-26 11:28:06', '');
INSERT INTO `sys_dict_data` VALUES ('29', 0, '发改委', '1', 'DIC_DATA_SOURCE', '0', 'admin', '2018-07-27 00:00:00', 'admin', '2018-07-27 00:00:00', NULL);
INSERT INTO `sys_dict_data` VALUES ('2911826006745170776', 999, '数据申请', '1', 'DIC_FLOW_TYPE', '0', 'admin', '2018-10-18 14:18:59', 'admin', '2018-10-18 14:18:59', '');
INSERT INTO `sys_dict_data` VALUES ('2950500921501568289', 999, '科教专题', 'EDUCATION', 'OPERATION_AUTHORIZATION', '0', 'admin', '2018-08-31 14:13:29', 'admin', '2018-08-31 14:13:29', 'specific-analysis');
INSERT INTO `sys_dict_data` VALUES ('3', 0, '经济发展', '1', 'DIC_THEME_TYPE', '0', 'admin', '2018-07-27 00:00:00', 'admin', '2018-07-27 00:00:00', NULL);
INSERT INTO `sys_dict_data` VALUES ('30', 1, '国资委', '2', 'DIC_DATA_SOURCE', '0', 'admin', '2018-07-27 00:00:00', 'admin', '2018-07-27 00:00:00', NULL);
INSERT INTO `sys_dict_data` VALUES ('3016133821664967501', 999, '资源目录系统', 'RCMS', 'OPERATION_AUTHORIZATION', '0', 'admin', '2019-03-21 17:58:40', NULL, '2019-03-21 17:58:40', '');
INSERT INTO `sys_dict_data` VALUES ('3092996327412287275', 999, '订阅', 'SUBSCRIPTION', 'OPERATION_AUTHORIZATION', '0', 'admin', '2018-08-13 15:42:32', 'admin', '2018-08-23 16:12:01', '订阅操作');
INSERT INTO `sys_dict_data` VALUES ('309760622400392470', 999, '我的申请_接口订阅_催办', 'INTERFACEAPPLY_URGE', 'OPERATION_AUTHORIZATION', '0', 'admin', '2019-01-09 17:42:26', NULL, '2019-01-09 17:42:26', '');
INSERT INTO `sys_dict_data` VALUES ('31', 2, '纪检委', '3', 'DIC_DATA_SOURCE', '0', 'admin', '2018-07-27 00:00:00', 'admin', '2018-07-27 00:00:00', NULL);
INSERT INTO `sys_dict_data` VALUES ('3126310646629418215', 11, '催办', 'URGE', 'OPERATION_AUTHORIZATION', '0', 'admin', '2018-08-23 16:44:54', 'admin', '2018-08-23 16:44:54', '催办操作');
INSERT INTO `sys_dict_data` VALUES ('3157071018903749284', 999, '民生专题', 'LIVELIHOOD', 'OPERATION_AUTHORIZATION', '0', 'admin', '2018-08-31 14:14:38', 'admin', '2018-08-31 14:14:38', 'specific-analysis');
INSERT INTO `sys_dict_data` VALUES ('31816688930604048', 999, '经济专题', 'ECONOMIC', 'OPERATION_AUTHORIZATION', '0', 'admin', '2018-08-31 14:07:36', 'admin', '2018-08-31 14:07:36', 'specific-analysis');
INSERT INTO `sys_dict_data` VALUES ('32', 3, '政法委', '4', 'DIC_DATA_SOURCE', '0', 'admin', '2018-07-27 00:00:00', 'admin', '2018-07-27 00:00:00', NULL);
INSERT INTO `sys_dict_data` VALUES ('3203725402803123225', 999, '发票', '发票', 'DIC_OCR_TYPE', '0', 'wanghaolin', '2019-01-04 10:35:13', NULL, '2019-01-04 10:35:13', '发票');
INSERT INTO `sys_dict_data` VALUES ('33', 4, '国监委', '5', 'DIC_DATA_SOURCE', '0', 'admin', '2018-07-27 00:00:00', 'admin', '2018-07-27 00:00:00', NULL);
INSERT INTO `sys_dict_data` VALUES ('3311150162040633767', 28, '读取消息', 'READMESSAGE', 'OPERATION_AUTHORIZATION', '0', 'admin', '2018-09-03 16:39:05', 'admin', '2018-09-03 16:39:50', '我的消息未读变已读');
INSERT INTO `sys_dict_data` VALUES ('3371462484056427810', 999, '工作事项', 'c_workmatters', 'CALLER_NAME', '0', 'admin', '2020-03-18 15:35:52', NULL, '2020-03-18 15:35:52', '');
INSERT INTO `sys_dict_data` VALUES ('34', 5, '财政局', '6', 'DIC_DATA_SOURCE', '0', 'admin', '2018-07-27 00:00:00', 'admin', '2018-07-27 00:00:00', NULL);
INSERT INTO `sys_dict_data` VALUES ('35', 6, '公安局', '7', 'DIC_DATA_SOURCE', '0', 'admin', '2018-07-27 00:00:00', 'admin', '2018-07-27 00:00:00', NULL);
INSERT INTO `sys_dict_data` VALUES ('36', 7, '交通局', '8', 'DIC_DATA_SOURCE', '0', 'admin', '2018-07-27 00:00:00', 'admin', '2018-07-27 00:00:00', NULL);
INSERT INTO `sys_dict_data` VALUES ('3619170491350497916', 999, '大数据平台', 'DE', 'OPERATION_AUTHORIZATION', '0', 'admin', '2019-03-21 17:59:28', NULL, '2019-03-21 17:59:28', '');
INSERT INTO `sys_dict_data` VALUES ('3631973345870037618', 999, '我的收藏_数据接口_取消收藏', 'DATAINTERFACE_SUBSCRIPTION', 'OPERATION_AUTHORIZATION', '0', 'admin', '2019-01-09 17:35:02', NULL, '2019-01-09 17:36:45', '');
INSERT INTO `sys_dict_data` VALUES ('3659096472359580336', 999, '任务', '002', 'DIC_PARA_TYPE', '0', 'admin', '2018-09-06 09:50:09', 'admin', '2018-09-06 09:50:09', '');
INSERT INTO `sys_dict_data` VALUES ('37', 8, '卫生局', '9', 'DIC_DATA_SOURCE', '0', 'admin', '2018-07-27 00:00:00', 'admin', '2018-07-27 00:00:00', NULL);
INSERT INTO `sys_dict_data` VALUES ('3719426976813528566', 999, '一个小时', '3', 'EXTRACT_FREQUENCY', '0', 'lirongheng', '2020-01-07 09:31:14', NULL, '2020-01-07 09:31:14', '');
INSERT INTO `sys_dict_data` VALUES ('3730117997483544187', 999, '下载', 'downLoad', 'OPERATION_AUTHORIZATION', '0', 'admin', '2018-12-04 15:46:02', 'admin', '2018-12-04 15:46:02', '文件下载');
INSERT INTO `sys_dict_data` VALUES ('3761942715711308332', 2, '第二节点', '2', 'DIC_NODEORDER_TYPE', '0', 'admin', '2019-03-07 16:47:30', NULL, '2019-03-07 17:04:22', '2');
INSERT INTO `sys_dict_data` VALUES ('3805351925069558669', 999, '综合感知', '6', 'DIC_APPLICATION_TYPE', '0', 'wangwei', '2019-07-05 14:51:10', '', '2019-07-05 14:52:20', '');
INSERT INTO `sys_dict_data` VALUES ('3828104464823269460', 999, '提交', 'SUBMIT', 'OPERATION_AUTHORIZATION', '0', 'admin', '2018-08-23 15:08:57', 'admin', '2018-08-23 15:08:57', '提交');
INSERT INTO `sys_dict_data` VALUES ('3897412210294240401', 999, '我的收藏_数据目录_取消收藏', 'DATADIRECTORYCARD_COLLECTION', 'OPERATION_AUTHORIZATION', '0', 'admin', '2019-01-09 17:33:51', NULL, '2019-01-09 17:34:04', '');
INSERT INTO `sys_dict_data` VALUES ('3917321269618193128', 999, '登录日志_删除', 'LOGMANAGEMENTLOGIN_DELETE', 'OPERATION_AUTHORIZATION', '0', 'admin', '2019-01-09 17:29:41', NULL, '2019-01-09 17:29:41', '');
INSERT INTO `sys_dict_data` VALUES ('3924193124780389238', 999, '智慧共享', 'a_share', 'CALLER_NAME', '0', 'admin', '2020-03-18 15:28:25', NULL, '2020-03-18 15:28:25', '');
INSERT INTO `sys_dict_data` VALUES ('3931353228621692163', 999, '人口专题', 'POPULATION', 'OPERATION_AUTHORIZATION', '0', 'admin', '2018-08-31 14:10:07', 'admin', '2018-08-31 14:10:07', 'specific-analysis');
INSERT INTO `sys_dict_data` VALUES ('3965861052168488280', 999, '企业专题', 'COMPANY', 'OPERATION_AUTHORIZATION', '0', 'admin', '2018-08-31 14:10:42', 'admin', '2018-08-31 14:10:42', 'specific-analysis');
INSERT INTO `sys_dict_data` VALUES ('3993128127249168280', 999, '评论', 'COMMENT', 'OPERATION_AUTHORIZATION', '0', 'wuyabing', '2019-01-04 16:27:18', NULL, '2019-01-04 16:27:18', '');
INSERT INTO `sys_dict_data` VALUES ('4', 1, '城市建设', '2', 'DIC_THEME_TYPE', '0', 'admin', '2018-07-27 00:00:00', 'admin', '2018-07-27 00:00:00', NULL);
INSERT INTO `sys_dict_data` VALUES ('4043221948121922217', 4, '收藏', 'COLLECTION', 'OPERATION_AUTHORIZATION', '0', 'admin', '2018-08-15 09:45:49', 'admin', '2018-08-23 16:12:12', '收藏操作');
INSERT INTO `sys_dict_data` VALUES ('4068529168599633569', 999, '导入', 'IMPORT', 'OPERATION_AUTHORIZATION', '0', 'admin', '2019-01-03 14:03:29', NULL, '2019-01-03 14:03:29', '');
INSERT INTO `sys_dict_data` VALUES ('4111526070834804588', 12, '更换头像', 'CHANGE_HEAD_PORTRAIT', 'OPERATION_AUTHORIZATION', '0', 'admin', '2018-08-23 16:49:30', 'admin', '2018-08-23 16:49:30', '更换头像操作');
INSERT INTO `sys_dict_data` VALUES ('4164972262296602351', 21, '点赞', 'RECOMMEND', 'OPERATION_AUTHORIZATION', '0', 'admin', '2018-08-29 11:35:18', 'admin', '2018-12-06 11:23:10', '');
INSERT INTO `sys_dict_data` VALUES ('4278869654916844883', 2, '季度', 'quarter', 'FILLIN_PWRIOD', '0', 'admin', '2019-09-06 14:39:23', NULL, '2019-09-06 14:39:23', '');
INSERT INTO `sys_dict_data` VALUES ('4319328795458225082', 10, '测试', 'TEST', 'OPERATION_AUTHORIZATION', '0', 'admin', '2018-08-23 16:40:04', 'admin', '2018-08-23 16:40:04', '测试操作');
INSERT INTO `sys_dict_data` VALUES ('4417946254827605058', 1, '第一节点', '1', 'DIC_NODEORDER_TYPE', '0', 'admin', '2019-03-07 16:47:18', NULL, '2019-03-07 17:04:25', '第一节点');
INSERT INTO `sys_dict_data` VALUES ('4434109725537682459', 999, '查看保密协议', 'ViewConfidentialityAgreements', 'OPERATION_AUTHORIZATION', '0', 'admin', '2018-12-04 16:02:30', 'admin', '2018-12-04 16:02:30', '查看保密协议');
INSERT INTO `sys_dict_data` VALUES ('4537176159113623191', 3, '第三节点', '3', 'DIC_NODEORDER_TYPE', '0', 'admin', '2019-03-07 16:47:43', NULL, '2019-03-07 17:04:17', '3');
INSERT INTO `sys_dict_data` VALUES ('4549076359543277355', 999, '内部通告_新增', 'NOTICE_ADD', 'OPERATION_AUTHORIZATION', '0', 'admin', '2019-01-09 17:22:31', NULL, '2019-01-09 17:22:31', '');
INSERT INTO `sys_dict_data` VALUES ('473406979901341040', 999, '人居环境', 'b_environment', 'CALLER_NAME', '0', 'admin', '2020-03-18 15:32:10', NULL, '2020-03-18 15:32:10', '');
INSERT INTO `sys_dict_data` VALUES ('4881177962381855193', 999, '删除', 'delete', 'API_TYPE', '0', 'lirongheng', '2020-01-07 09:29:27', NULL, '2020-01-07 09:29:27', '');
INSERT INTO `sys_dict_data` VALUES ('5', 2, '道路交通', '3', 'DIC_THEME_TYPE', '0', 'admin', '2018-07-27 00:00:00', 'admin', '2018-07-27 00:00:00', NULL);
INSERT INTO `sys_dict_data` VALUES ('5177338470146620580', 999, '表C', 'C', 'biaodan', '0', 'admin', '2020-03-27 17:08:46', NULL, '2020-03-27 17:08:46', '');
INSERT INTO `sys_dict_data` VALUES ('5184672692757938987', 999, '环境专题', 'ENVIRONMENT', 'OPERATION_AUTHORIZATION', '0', 'admin', '2018-08-31 14:14:08', 'admin', '2018-08-31 14:14:08', 'specific-analysis');
INSERT INTO `sys_dict_data` VALUES ('5196426072232905681', 1, '年', 'year', 'FILLIN_PWRIOD', '0', 'admin', '2019-09-06 14:38:27', NULL, '2019-09-06 14:38:27', '');
INSERT INTO `sys_dict_data` VALUES ('5337179636128629597', 1, '农村乡镇', '0002', 'DIC_TAG', '0', 'admin', '2018-08-17 17:56:13', 'admin', NULL, '');
INSERT INTO `sys_dict_data` VALUES ('5339427931482405019', 999, '我的申请_数据申请_删除', 'DATAAPPLY_DELETE', 'OPERATION_AUTHORIZATION', '0', 'admin', '2019-01-09 17:46:46', NULL, '2019-01-09 17:46:46', '');
INSERT INTO `sys_dict_data` VALUES ('538940682358406474', 999, '教育局', '10', 'DIC_DATA_SOURCE', '0', 'admin', '2018-08-17 17:34:59', 'admin', NULL, '');
INSERT INTO `sys_dict_data` VALUES ('5465678287439547000', 999, '接口管理', 'INTERFACE_MANAGE', 'OPERATION_AUTHORIZATION', '0', 'admin', '2018-08-29 15:59:47', 'admin', '2018-08-29 15:59:47', '');
INSERT INTO `sys_dict_data` VALUES ('5479958935155130972', 999, '修改', 'update', 'API_TYPE', '0', 'admin', '2020-01-07 09:28:03', NULL, '2020-01-07 09:28:03', '');
INSERT INTO `sys_dict_data` VALUES ('5572081958625458047', 999, '防疫', 'epidemic', 'TEMPLATE_TAG', '0', 'admin', '2020-02-17 16:20:07', NULL, '2020-02-17 16:20:07', '');
INSERT INTO `sys_dict_data` VALUES ('5721512023054502856', 999, '系统', '001', 'DIC_PARA_TYPE', '0', 'admin', '2018-09-06 09:49:32', 'admin', '2018-09-06 09:49:32', '');
INSERT INTO `sys_dict_data` VALUES ('5739124126418946760', 999, '精细化管理', 'a_refined', 'CALLER_NAME', '0', 'admin', '2020-03-18 15:25:44', NULL, '2020-03-18 15:25:44', '');
INSERT INTO `sys_dict_data` VALUES ('5995837077054077267', 999, '重置密码', 'RESET_PASSWORD', 'OPERATION_AUTHORIZATION', '0', 'admin', '2018-08-29 14:47:44', 'admin', '2018-08-29 14:47:44', '');
INSERT INTO `sys_dict_data` VALUES ('6', 3, '教育科技', '4', 'DIC_THEME_TYPE', '0', 'admin', '2018-07-27 00:00:00', 'admin', '2018-07-27 00:00:00', NULL);
INSERT INTO `sys_dict_data` VALUES ('6090684626603034678', 999, '医疗专题', 'MEDICAL', 'OPERATION_AUTHORIZATION', '0', 'admin', '2018-08-31 14:08:18', 'admin', '2018-08-31 14:08:18', 'specific-analysis');
INSERT INTO `sys_dict_data` VALUES ('6166608133700210052', 999, '环保', 'TAG_COUNT', 'TEMPLATE_TAG', '0', 'admin', '2019-05-31 15:31:06', NULL, '2019-10-16 11:02:28', '');
INSERT INTO `sys_dict_data` VALUES ('6330407326740493759', 999, '表B', 'B', 'biaodan', '0', 'admin', '2020-03-27 17:08:31', NULL, '2020-03-27 17:08:31', '');
INSERT INTO `sys_dict_data` VALUES ('6331186063656241668', 999, '日程安排', 'c_schedule', 'CALLER_NAME', '0', 'admin', '2020-03-18 15:34:24', NULL, '2020-03-18 15:34:24', '');
INSERT INTO `sys_dict_data` VALUES ('6379640527682945974', 999, '上传文件', 'UPLOAD', 'OPERATION_AUTHORIZATION', '0', 'admin', '2018-12-05 09:44:26', 'admin', '2019-01-17 15:49:38', '');
INSERT INTO `sys_dict_data` VALUES ('6442581458058196833', 999, '智慧水务', 'a_water', 'CALLER_NAME', '0', 'admin', '2020-03-18 15:29:02', NULL, '2020-03-18 15:29:02', '');
INSERT INTO `sys_dict_data` VALUES ('6465717974525233445', 1, ' 学生', '0', 'DIC_USER_TYPE', '0', 'admin', '2018-08-21 17:42:24', 'admin', '2018-08-21 17:42:27', NULL);
INSERT INTO `sys_dict_data` VALUES ('6465717974525233456', 999, '嗷嗷', '111', 'DIC_USER_TYPE', '0', 'admin', '2018-08-21 12:58:49', 'admin', NULL, '');
INSERT INTO `sys_dict_data` VALUES ('6552988794549650804', 999, '人员', '0', 'DIC_NODE_TYPE', '0', 'admin', '2018-10-18 14:33:17', 'admin', '2018-10-25 15:03:41', '');
INSERT INTO `sys_dict_data` VALUES ('6779152406535256214', 999, '生态环保', 'b_ecological', 'CALLER_NAME', '0', 'admin', '2020-03-18 15:33:35', NULL, '2020-03-18 15:33:35', '');
INSERT INTO `sys_dict_data` VALUES ('6890614778912329726', 999, 'cc', 'ccc', '啊啊', '0', 'ldd', '2019-01-31 10:20:05', NULL, '2019-01-31 10:20:05', '');
INSERT INTO `sys_dict_data` VALUES ('6959999320452319834', 15, '驳回', 'DISAGREE', 'OPERATION_AUTHORIZATION', '0', 'admin', '2018-08-23 17:22:01', 'admin', '2018-08-23 17:22:01', '驳回操作');
INSERT INTO `sys_dict_data` VALUES ('7', 4, '民生服务', '5', 'DIC_THEME_TYPE', '0', 'admin', '2018-07-27 00:00:00', 'admin', '2018-07-27 00:00:00', NULL);
INSERT INTO `sys_dict_data` VALUES ('7030139589645480700', 999, '智慧政务', 'a_government', 'CALLER_NAME', '0', 'admin', '2020-03-18 15:26:33', NULL, '2020-03-18 15:26:33', '');
INSERT INTO `sys_dict_data` VALUES ('7091245031336163105', 999, '文体娱乐', '333', 'DIC_APPLICATION_TYPE', '0', 'admin', '2018-08-29 14:43:10', 'admin', '2018-12-05 17:41:54', '文体娱乐');
INSERT INTO `sys_dict_data` VALUES ('714514394846115173', 999, '统计局', '11', 'DIC_DATA_SOURCE', '0', 'admin', '2018-10-24 14:37:14', 'admin', '2018-10-24 14:37:14', '');
INSERT INTO `sys_dict_data` VALUES ('715145284330278381', 999, '编辑', 'UPDATE', 'OPERATION_AUTHORIZATION', '0', 'admin', '2018-08-13 15:41:02', 'admin', '2018-08-23 15:19:07', '编辑操作');
INSERT INTO `sys_dict_data` VALUES ('7187896639721193742', 999, '年度审计报告', '年度审计报告', 'DIC_OCR_TYPE', '0', 'wanghaolin', '2019-01-04 10:35:00', NULL, '2019-03-13 17:34:07', '年度审计报告（中小企业）');
INSERT INTO `sys_dict_data` VALUES ('7279233405871735712', 5, '第五节点', '5', 'DIC_NODEORDER_TYPE', '0', 'admin', '2019-03-07 16:49:43', NULL, '2019-03-07 17:04:06', '');
INSERT INTO `sys_dict_data` VALUES ('7409104164356572226', 14, '同意', 'AGREE', 'OPERATION_AUTHORIZATION', '0', 'admin', '2018-08-23 17:20:53', 'admin', '2018-08-23 17:20:53', '同意操作');
INSERT INTO `sys_dict_data` VALUES ('7580069646128166092', 999, '目录资源订阅', '4', 'DIC_FLOW_TYPE', '0', 'admin', '2018-11-29 16:15:21', 'admin', '2019-07-05 16:10:41', '');
INSERT INTO `sys_dict_data` VALUES ('7607010864034984454', 4, '第四节点', '4', 'DIC_NODEORDER_TYPE', '0', 'admin', '2019-03-07 16:49:33', NULL, '2019-03-07 17:04:11', '4');
INSERT INTO `sys_dict_data` VALUES ('767717492274608695', 6, '不定期', 'other', 'FILLIN_PWRIOD', '0', 'admin', '2019-09-06 14:40:22', NULL, '2019-09-06 14:40:22', '');
INSERT INTO `sys_dict_data` VALUES ('7757923265245105047', 999, '卫生院', '00021', 'DIC_TAG', '0', 'admin', '2018-08-17 17:56:47', 'admin', NULL, '');
INSERT INTO `sys_dict_data` VALUES ('7757923265245105048', 10, '环境保护', '00023', 'DIC_TAG', '0', 'admin', '2018-10-24 14:39:34', 'admin', NULL, NULL);
INSERT INTO `sys_dict_data` VALUES ('7912634780543070359', 999, '新增', 'add', 'API_TYPE', '0', 'lirongheng', '2020-01-07 09:29:48', NULL, '2020-01-07 09:29:48', '');
INSERT INTO `sys_dict_data` VALUES ('8', 5, '企业服务', '6', 'DIC_THEME_TYPE', '0', 'admin', '2018-07-27 00:00:00', 'admin', '2018-07-27 00:00:00', NULL);
INSERT INTO `sys_dict_data` VALUES ('8089429470540578342', 999, '经济', 'JINFJI', 'TEMPLATE_TAG', '0', 'admin', '2019-10-16 11:03:22', NULL, '2019-10-16 11:03:22', '');
INSERT INTO `sys_dict_data` VALUES ('8179991600771936942', 8, '查看详情', 'DETAIL', 'OPERATION_AUTHORIZATION', '0', 'admin', '2018-08-23 15:08:18', 'admin', '2018-08-23 15:08:18', '查看详情');
INSERT INTO `sys_dict_data` VALUES ('8218079740340387247', 4, '周', 'week', 'FILLIN_PWRIOD', '0', 'admin', '2019-09-06 14:39:41', NULL, '2019-09-06 14:39:41', '');
INSERT INTO `sys_dict_data` VALUES ('8233299437649151461', 999, '半个小时', '2', 'EXTRACT_FREQUENCY', '0', 'lirongheng', '2020-01-07 09:31:28', NULL, '2020-01-07 09:31:28', '');
INSERT INTO `sys_dict_data` VALUES ('8245166048489653801', 999, '智慧党建', 'a_party', 'CALLER_NAME', '0', 'admin', '2020-03-18 15:27:34', NULL, '2020-03-18 15:27:34', '');
INSERT INTO `sys_dict_data` VALUES ('8245697856626341963', 999, '我的申请_数据申请_答复', 'DATAAPPLY_REPLY', 'OPERATION_AUTHORIZATION', '0', 'admin', '2019-01-09 17:46:36', NULL, '2019-01-09 17:46:36', '');
INSERT INTO `sys_dict_data` VALUES ('829471144382844044', 1, '删除', 'DELETE', 'OPERATION_AUTHORIZATION', '0', 'admin', '2018-08-13 15:28:44', 'admin', '2018-08-23 16:14:09', '删除操作');
INSERT INTO `sys_dict_data` VALUES ('8365731967348095510', 999, '城区治理', '8', 'DIC_APPLICATION_TYPE', '0', 'wangwei', '2019-07-11 16:23:41', '', '2019-07-11 16:23:41', '');
INSERT INTO `sys_dict_data` VALUES ('8375345003384556122', 13, '取消', 'CANCEL', 'OPERATION_AUTHORIZATION', '0', 'admin', '2018-08-23 16:52:40', 'admin', '2018-08-23 16:52:40', '取消操作');
INSERT INTO `sys_dict_data` VALUES ('8678348687207057602', 999, '教育', 'TAG_SCHOOL', 'TEMPLATE_TAG', '0', 'admin', '2019-05-31 15:31:44', NULL, '2019-10-16 11:02:16', '');
INSERT INTO `sys_dict_data` VALUES ('8696532456975414481', 999, '民生幸福', 'b_happiness', 'CALLER_NAME', '0', 'admin', '2020-03-18 15:31:25', NULL, '2020-03-18 15:31:25', '');
INSERT INTO `sys_dict_data` VALUES ('8850815102783276123', 999, '付款凭证', '付款凭证', 'DIC_OCR_TYPE', '0', 'wanghaolin', '2019-01-04 10:35:27', NULL, '2019-01-04 10:35:27', '付款凭证');
INSERT INTO `sys_dict_data` VALUES ('8950033364771650555', 999, '政策解读_新增', 'POLICIES_REGULATIONS_ADD', 'OPERATION_AUTHORIZATION', '0', 'admin', '2019-01-09 17:24:08', NULL, '2019-01-09 17:24:08', '');
INSERT INTO `sys_dict_data` VALUES ('8986237002644764144', 999, '运维人员', '1', 'WORK_TYPE', '0', 'lirongheng', '2020-01-07 09:40:59', NULL, '2020-01-07 09:40:59', '');
INSERT INTO `sys_dict_data` VALUES ('9', 6, '健康卫生', '7', 'DIC_THEME_TYPE', '0', 'admin', '2018-07-27 00:00:00', 'admin', '2018-07-27 00:00:00', NULL);
INSERT INTO `sys_dict_data` VALUES ('9024293450422989157', 999, '智慧仲裁', 'c_arbitration', 'CALLER_NAME', '0', 'admin', '2020-03-18 15:36:38', NULL, '2020-03-18 15:36:38', '');
INSERT INTO `sys_dict_data` VALUES ('902705339003062398', 999, '应用发布', '10', 'DIC_FLOW_TYPE', '0', 'admin', '2018-10-18 14:18:39', 'admin', '2018-12-24 14:06:59', '');
INSERT INTO `sys_dict_data` VALUES ('9071999642388248150', 999, '申请内容', 'CONTENT', 'OPERATION_AUTHORIZATION', '0', 'wuyabing', '2018-12-29 10:29:38', NULL, '2018-12-29 10:29:38', '查看申请内容');
INSERT INTO `sys_dict_data` VALUES ('9108903311578975070', 3, '月', 'month', 'FILLIN_PWRIOD', '0', 'admin', '2019-09-06 14:38:54', NULL, '2019-09-06 14:38:54', '');

-- ----------------------------
-- Table structure for sys_dict_type
-- ----------------------------
DROP TABLE IF EXISTS `sys_dict_type`;
CREATE TABLE `sys_dict_type`  (
  `id` varchar(32) CHARACTER SET utf8 COLLATE utf8_general_ci NOT NULL COMMENT 'UUID主键',
  `dict_name` varchar(100) CHARACTER SET utf8 COLLATE utf8_general_ci NOT NULL COMMENT '字典名称（示例：用户性别）',
  `dict_type` varchar(32) CHARACTER SET utf8 COLLATE utf8_general_ci DEFAULT NULL COMMENT '字典类型（示例：dict_user_sex）',
  `status` char(4) CHARACTER SET utf8 COLLATE utf8_general_ci NOT NULL DEFAULT '0' COMMENT '状态：0启用、1禁用',
  `create_user` varchar(64) CHARACTER SET utf8 COLLATE utf8_general_ci DEFAULT NULL COMMENT '创建者',
  `create_time` datetime(0) DEFAULT NULL COMMENT '创建时间',
  `update_user` varchar(64) CHARACTER SET utf8 COLLATE utf8_general_ci DEFAULT NULL COMMENT '更新者',
  `update_time` datetime(0) DEFAULT NULL COMMENT '更新时间',
  `remark` varchar(255) CHARACTER SET utf8 COLLATE utf8_general_ci DEFAULT NULL COMMENT '备注',
  PRIMARY KEY (`id`) USING BTREE
) ENGINE = InnoDB CHARACTER SET = utf8 COLLATE = utf8_general_ci COMMENT = '系统字典类型表' ROW_FORMAT = Dynamic;

-- ----------------------------
-- Records of sys_dict_type
-- ----------------------------
INSERT INTO `sys_dict_type` VALUES ('10', '按钮权限', 'OPERATION_AUTHORIZATION', '0', 'admin', '2018-10-08 15:00:03', 'wanghaolin', '2018-12-06 11:22:56', NULL);
INSERT INTO `sys_dict_type` VALUES ('12', '用户类型', 'DIC_USER_TYPE', '0', 'admin', '2018-07-27 16:15:38', 'admin', '2018-08-29 17:08:33', '');
INSERT INTO `sys_dict_type` VALUES ('13', '用途', 'DIC_EFFECT_INFO', '0', 'admin', '2018-07-27 16:16:07', 'admin', '2018-07-27 16:16:09', NULL);
INSERT INTO `sys_dict_type` VALUES ('14', '有效状态', 'DIC_EFFICACY_STATUS', '0', 'admin', '2018-07-27 16:16:54', 'admin', '2018-07-27 16:16:57', NULL);
INSERT INTO `sys_dict_type` VALUES ('1470570839142215947', '应用类型', 'DIC_APPLICATION_TYPE', '0', 'admin', '2018-12-05 17:41:10', NULL, '2018-12-05 17:41:10', NULL);
INSERT INTO `sys_dict_type` VALUES ('1585010669671264413', '数据来源', 'DIC_DATA_SOURCE', '0', 'admin', '2018-10-24 14:35:30', 'admin', '2018-10-24 14:35:30', '资源目录数据来源');
INSERT INTO `sys_dict_type` VALUES ('16', '逻辑关系', 'DIC_LOGICAL_TYPE', '0', 'admin', '2018-07-30 08:45:47', 'admin', '2018-07-30 08:45:49', NULL);
INSERT INTO `sys_dict_type` VALUES ('17', '消息类型', 'DIC_MESSAGE_TYPE', '0', 'admin', '2018-08-08 10:39:48', 'admin', '2018-08-08 10:39:50', NULL);
INSERT INTO `sys_dict_type` VALUES ('18', '消息状态', 'DIC_MESSAGE_STATUS', '0', 'admin', '2018-08-08 10:40:41', 'admin', '2018-08-08 10:40:45', NULL);
INSERT INTO `sys_dict_type` VALUES ('19', 'SQL语句类型', 'DIC_SQL_TYPE', '0', 'admin', '2018-09-04 09:02:00', 'admin', '2018-09-04 16:18:08', 'sql语句类型sql语句类型sql语句类型sql语句类型sql语句类型sql语句类型sql语句类型sql语句类型sql语句类型sql语句类型');
INSERT INTO `sys_dict_type` VALUES ('2129964822838070987', '对接人工作属性', 'WORK_TYPE', '0', 'lirongheng', '2020-01-07 09:40:16', NULL, '2020-01-07 09:40:16', '源系统对接人工作属性');
INSERT INTO `sys_dict_type` VALUES ('2459287705287937373', '填报周期', 'FILLIN_PWRIOD', '0', 'admin', '2019-09-06 14:37:29', NULL, '2019-09-06 14:37:29', NULL);
INSERT INTO `sys_dict_type` VALUES ('3345461457202754026', '源系统接口类型', 'API_TYPE', '0', 'admin', '2020-01-07 09:26:47', NULL, '2020-01-07 09:26:47', '源系统接口类型');
INSERT INTO `sys_dict_type` VALUES ('4292964717236537345', '行业', 'DIC_INDUSTRY', '0', 'admin', '2018-09-11 15:12:58', 'admin', '2018-09-11 15:12:58', NULL);
INSERT INTO `sys_dict_type` VALUES ('4674827949365348331', '调用方名称', 'CALLER_NAME', '0', 'admin', '2019-12-27 09:43:59', 'lirongheng', '2020-01-07 09:43:51', NULL);
INSERT INTO `sys_dict_type` VALUES ('5', '开放级别', 'DIC_OPEN_LEVEL', '0', 'admin', '2018-07-27 16:05:08', 'admin', '2018-07-27 16:05:11', NULL);
INSERT INTO `sys_dict_type` VALUES ('5474759699671267115', 'ocr图片类型配置', 'DIC_OCR_TYPE', '0', 'wanghaolin', '2019-01-03 15:02:10', 'wanghaolin', '2019-01-03 17:54:45', 'DIC_OCR_TYPE');
INSERT INTO `sys_dict_type` VALUES ('6', '标签', 'DIC_TAG', '0', 'admin', '2018-07-27 16:05:29', 'admin', '2018-07-27 16:05:32', NULL);
INSERT INTO `sys_dict_type` VALUES ('6069715273327229572', '性别', 'DIC_SEX', '0', 'admin', '2018-12-05 17:39:28', NULL, '2018-12-05 17:39:28', NULL);
INSERT INTO `sys_dict_type` VALUES ('6216892730871035988', '抽取频次', 'EXTRACT_FREQUENCY', '0', 'lirongheng', '2020-01-07 09:30:48', NULL, '2020-01-07 09:30:48', '接口抽取频次');
INSERT INTO `sys_dict_type` VALUES ('6379532534051324332', '表单类型', 'biaodan', '0', 'admin', '2020-03-27 17:08:03', NULL, '2020-03-27 17:08:03', NULL);
INSERT INTO `sys_dict_type` VALUES ('660967960615404789', '节点类型', 'DIC_NODE_TYPE', '0', 'admin', '2018-10-18 14:31:50', 'admin', '2018-10-18 14:31:50', NULL);
INSERT INTO `sys_dict_type` VALUES ('6883156969716298962', '企业画像-行业分类', 'industry', '0', 'lirongheng', '2020-01-07 09:47:10', NULL, '2020-01-07 09:47:10', NULL);
INSERT INTO `sys_dict_type` VALUES ('7', '访问类型', 'DIC_VISIT_TYPE', '0', 'admin', '2018-07-27 16:05:53', 'admin', '2018-07-27 16:05:55', NULL);
INSERT INTO `sys_dict_type` VALUES ('7226357761157936258', '流程类型', 'DIC_FLOW_TYPE', '0', 'admin', '2018-10-18 14:15:11', 'admin', '2018-10-18 14:15:11', NULL);
INSERT INTO `sys_dict_type` VALUES ('8', '使用状态', 'DIC_USE_STATUS', '0', 'admin', '2018-07-27 16:10:32', 'admin', '2018-07-27 16:10:35', NULL);
INSERT INTO `sys_dict_type` VALUES ('8166511530057027333', '节点顺序', 'DIC_NODEORDER_TYPE', '0', 'admin', '2019-03-07 16:46:50', NULL, '2019-03-07 16:46:50', '字典的顺序\n');
INSERT INTO `sys_dict_type` VALUES ('876028854187869360', '标签', 'TEMPLATE_TAG', '0', 'admin', '2019-05-31 15:28:45', NULL, '2019-05-31 15:28:45', '模板标签');
INSERT INTO `sys_dict_type` VALUES ('9', '是否状态', 'DIC_WHETHER_STATUS', '0', 'admin', '2018-07-27 16:14:14', 'admin', '2018-07-27 16:14:17', NULL);
INSERT INTO `sys_dict_type` VALUES ('9036458980891801405', '系统参数类型', 'DIC_PARA_TYPE', '0', 'admin', '2018-09-06 09:49:08', 'admin', '2018-09-26 17:36:30', '系统参数类型');
INSERT INTO `sys_dict_type` VALUES ('9036458980891801406', '主题分类', 'DIC_THEME_TYPE', '0', 'admin', '2018-10-25 14:31:14', 'admin', NULL, NULL);

-- ----------------------------
-- Table structure for sys_login_log
-- ----------------------------
DROP TABLE IF EXISTS `sys_login_log`;
CREATE TABLE `sys_login_log`  (
  `id` varchar(32) CHARACTER SET utf8 COLLATE utf8_general_ci NOT NULL COMMENT '主键UUID',
  `login_name` varchar(100) CHARACTER SET utf8 COLLATE utf8_general_ci DEFAULT NULL COMMENT '登录账号',
  `ip_address` varchar(100) CHARACTER SET utf8 COLLATE utf8_general_ci DEFAULT NULL COMMENT '登录IP地址',
  `login_location` varchar(255) CHARACTER SET utf8 COLLATE utf8_general_ci DEFAULT NULL COMMENT '登录地点',
  `browser` varchar(64) CHARACTER SET utf8 COLLATE utf8_general_ci DEFAULT NULL COMMENT '浏览器类型',
  `os` varchar(64) CHARACTER SET utf8 COLLATE utf8_general_ci DEFAULT NULL COMMENT '操作系统',
  `status` char(4) CHARACTER SET utf8 COLLATE utf8_general_ci DEFAULT NULL COMMENT '登录状态：0成功、1失败',
  `msg` varchar(255) CHARACTER SET utf8 COLLATE utf8_general_ci DEFAULT NULL COMMENT '登录提示消息',
  `login_time` datetime(0) DEFAULT NULL COMMENT '访问系统时间',
  PRIMARY KEY (`id`) USING BTREE
) ENGINE = InnoDB CHARACTER SET = utf8 COLLATE = utf8_general_ci COMMENT = '系统访问日志记录表' ROW_FORMAT = Dynamic;

-- ----------------------------
-- Table structure for sys_message_info
-- ----------------------------
DROP TABLE IF EXISTS `sys_message_info`;
CREATE TABLE `sys_message_info`  (
  `id` varchar(32) CHARACTER SET utf8 COLLATE utf8_general_ci NOT NULL COMMENT 'UUID主键',
  `message_type` char(4) CHARACTER SET utf8 COLLATE utf8_general_ci DEFAULT NULL COMMENT '消息类型：0告警消息、1通知消息',
  `message_status` char(4) CHARACTER SET utf8 COLLATE utf8_general_ci DEFAULT NULL COMMENT '消息状态:0未读、1已读',
  `message_detail` varchar(500) CHARACTER SET utf8 COLLATE utf8_general_ci DEFAULT NULL COMMENT '消息详情',
  `create_user` varchar(64) CHARACTER SET utf8 COLLATE utf8_general_ci DEFAULT NULL COMMENT '创建人',
  `create_time` datetime(0) DEFAULT NULL COMMENT '创建时间',
  `read_time` datetime(0) DEFAULT NULL COMMENT '查看时间',
  `receive_user` varchar(64) CHARACTER SET utf8 COLLATE utf8_general_ci DEFAULT NULL COMMENT '接收人',
  `is_data_interface` char(4) CHARACTER SET utf8 COLLATE utf8_general_ci DEFAULT '0' COMMENT '数据申请：0不是、1是',
  `service_name` varchar(64) CHARACTER SET utf8 COLLATE utf8_general_ci DEFAULT NULL COMMENT '接口订阅专用:服务名称',
  `data_apply_id` varchar(32) CHARACTER SET utf8 COLLATE utf8_general_ci DEFAULT NULL COMMENT '数据申请id',
  PRIMARY KEY (`id`) USING BTREE
) ENGINE = InnoDB CHARACTER SET = utf8 COLLATE = utf8_general_ci COMMENT = '系统信息表（包含个人通知消息或系统通知公告）' ROW_FORMAT = Dynamic;

-- ----------------------------
-- Table structure for sys_operate_log
-- ----------------------------
DROP TABLE IF EXISTS `sys_operate_log`;
CREATE TABLE `sys_operate_log`  (
  `id` varchar(32) CHARACTER SET utf8 COLLATE utf8_general_ci NOT NULL COMMENT '主键UUID',
  `module_name` varchar(100) CHARACTER SET utf8 COLLATE utf8_general_ci DEFAULT NULL COMMENT '模块名称',
  `action` varchar(100) CHARACTER SET utf8 COLLATE utf8_general_ci DEFAULT NULL COMMENT '功能请求:1新增操作、2删除操作、3更新操作、4查询操作',
  `method` varchar(500) CHARACTER SET utf8 COLLATE utf8_general_ci DEFAULT NULL COMMENT '方法名称',
  `operate_user_id` varchar(64) CHARACTER SET utf8 COLLATE utf8_general_ci DEFAULT NULL COMMENT '操作人员（关联用户表主键）',
  `dept_name` varchar(64) CHARACTER SET utf8 COLLATE utf8_general_ci DEFAULT NULL COMMENT '部门名称',
  `operate_url` varchar(255) CHARACTER SET utf8 COLLATE utf8_general_ci DEFAULT NULL COMMENT '请求URL',
  `operate_ip` varchar(100) CHARACTER SET utf8 COLLATE utf8_general_ci DEFAULT NULL COMMENT '主机地址',
  `status` char(4) CHARACTER SET utf8 COLLATE utf8_general_ci DEFAULT NULL COMMENT '操作状态：0正常、1异常',
  `error_msg` varchar(2000) CHARACTER SET utf8 COLLATE utf8_general_ci DEFAULT NULL COMMENT '错误消息',
  `operate_time` datetime(0) DEFAULT NULL COMMENT '操作时间',
  PRIMARY KEY (`id`) USING BTREE
) ENGINE = InnoDB CHARACTER SET = utf8 COLLATE = utf8_general_ci COMMENT = '系统操作日志记录表' ROW_FORMAT = Dynamic;

-- ----------------------------
-- Table structure for sys_paramater
-- ----------------------------
DROP TABLE IF EXISTS `sys_paramater`;
CREATE TABLE `sys_paramater`  (
  `id` varchar(32) CHARACTER SET utf8 COLLATE utf8_general_ci NOT NULL COMMENT 'UUID主键',
  `para_name` varchar(100) CHARACTER SET utf8 COLLATE utf8_general_ci NOT NULL COMMENT '参数名称',
  `para_value` varchar(100) CHARACTER SET utf8 COLLATE utf8_general_ci NOT NULL COMMENT '参数值',
  `para_type` varchar(32) CHARACTER SET utf8 COLLATE utf8_general_ci DEFAULT NULL COMMENT '参数类型（示例：dict_para_type）',
  `status` char(4) CHARACTER SET utf8 COLLATE utf8_general_ci NOT NULL DEFAULT '0' COMMENT '状态：0启用、1停用',
  `create_user` varchar(64) CHARACTER SET utf8 COLLATE utf8_general_ci DEFAULT NULL COMMENT '创建者',
  `create_time` datetime(0) DEFAULT NULL COMMENT '创建时间',
  `remark` varchar(255) CHARACTER SET utf8 COLLATE utf8_general_ci DEFAULT NULL COMMENT '参数描述',
  PRIMARY KEY (`id`) USING BTREE
) ENGINE = InnoDB CHARACTER SET = utf8 COLLATE = utf8_general_ci COMMENT = '系统参数表' ROW_FORMAT = Dynamic;

-- ----------------------------
-- Table structure for sys_temp_dpt
-- ----------------------------
DROP TABLE IF EXISTS `sys_temp_dpt`;
CREATE TABLE `sys_temp_dpt`  (
  `id` int(11) NOT NULL AUTO_INCREMENT,
  `template_id` varchar(50) CHARACTER SET utf8 COLLATE utf8_general_ci NOT NULL COMMENT '模板id',
  `department_id` varchar(50) CHARACTER SET utf8 COLLATE utf8_general_ci NOT NULL COMMENT '部门id',
  PRIMARY KEY (`id`) USING BTREE
) ENGINE = InnoDB AUTO_INCREMENT = 1970 CHARACTER SET = utf8 COLLATE = utf8_general_ci COMMENT = '模板部门关系表' ROW_FORMAT = Dynamic;

-- ----------------------------
-- Table structure for table_description
-- ----------------------------
DROP TABLE IF EXISTS `table_description`;
CREATE TABLE `table_description`  (
  `id` int(11) NOT NULL AUTO_INCREMENT,
  `number` varchar(64) CHARACTER SET utf8 COLLATE utf8_general_ci DEFAULT NULL COMMENT '模板编号，外键',
  `item` varchar(64) CHARACTER SET utf8 COLLATE utf8_general_ci DEFAULT NULL COMMENT '字段英文，可能作为字段名',
  `name` varchar(255) CHARACTER SET utf8 COLLATE utf8_general_ci DEFAULT NULL COMMENT '字段名称',
  `type` int(11) DEFAULT NULL COMMENT '字段类型（0，字符类型；1，整数；2，小数；3，日期;4 ，枚举；5，文本）',
  `is_null` tinyint(4) DEFAULT NULL COMMENT '是否可为空值',
  `enums` varchar(512) CHARACTER SET utf8 COLLATE utf8_general_ci DEFAULT NULL COMMENT '枚举类型，用逗号间隔',
  `is_union_only` tinyint(4) DEFAULT 0 COMMENT '是否联合唯一(1是，0否)',
  `is_search` tinyint(4) DEFAULT 0 COMMENT '是否可搜索(1是，0否)',
  `template_id` int(64) DEFAULT NULL COMMENT '模板id',
  `is_sort` tinyint(4) DEFAULT 0 COMMENT '是否排序，0是排序，1是不排序',
  PRIMARY KEY (`id`) USING BTREE
) ENGINE = InnoDB AUTO_INCREMENT = 20497 CHARACTER SET = utf8 COLLATE = utf8_general_ci ROW_FORMAT = Dynamic;

-- ----------------------------
-- Table structure for table_fill_log
-- ----------------------------
DROP TABLE IF EXISTS `table_fill_log`;
CREATE TABLE `table_fill_log`  (
  `id` varchar(64) CHARACTER SET utf8 COLLATE utf8_general_ci NOT NULL,
  `number` varchar(255) CHARACTER SET utf8 COLLATE utf8_general_ci DEFAULT NULL COMMENT '模板编号，可能作为表名',
  `fill_sum` int(32) DEFAULT NULL COMMENT '填报数量',
  `update_time` datetime(0) DEFAULT NULL COMMENT '更新时间',
  `update_user` varchar(64) CHARACTER SET utf8 COLLATE utf8_general_ci DEFAULT NULL COMMENT '更新人',
  `fill_count` int(32) DEFAULT NULL COMMENT '填报次数',
  `template_id` int(64) DEFAULT NULL COMMENT '模板id',
  PRIMARY KEY (`id`) USING BTREE
) ENGINE = InnoDB CHARACTER SET = utf8 COLLATE = utf8_general_ci ROW_FORMAT = Dynamic;

-- ----------------------------
-- Table structure for template
-- ----------------------------
DROP TABLE IF EXISTS `template`;
CREATE TABLE `template`  (
  `id` int(11) NOT NULL AUTO_INCREMENT,
  `number` varchar(64) CHARACTER SET utf8 COLLATE utf8_general_ci DEFAULT NULL COMMENT '模板编号，可能作为表名',
  `name` varchar(255) CHARACTER SET utf8 COLLATE utf8_general_ci DEFAULT NULL COMMENT '模板名称',
  `description` varchar(1024) CHARACTER SET utf8 COLLATE utf8_general_ci DEFAULT NULL COMMENT '填写说明',
  `tag` varchar(255) CHARACTER SET utf8 COLLATE utf8_general_ci DEFAULT NULL COMMENT '标签',
  `create_user` varchar(255) CHARACTER SET utf8 COLLATE utf8_general_ci DEFAULT NULL COMMENT '创建人',
  `update_user` varchar(255) CHARACTER SET utf8 COLLATE utf8_general_ci DEFAULT NULL COMMENT '更新人',
  `update_time` datetime(0) DEFAULT NULL COMMENT '更新时间',
  `fill_in_period` varchar(64) CHARACTER SET utf8 COLLATE utf8_general_ci DEFAULT NULL COMMENT '填报周期',
  `template_source_name` varchar(255) CHARACTER SET utf8 COLLATE utf8_general_ci DEFAULT NULL COMMENT '模板源名称',
  `is_used` varchar(10) CHARACTER SET utf8 COLLATE utf8_general_ci DEFAULT '1' COMMENT '0：正在使用，1代表未使用',
  `power_level` varchar(3) CHARACTER SET utf8 COLLATE utf8_general_ci DEFAULT '0' COMMENT '权限等级',
  `import_template_id` varchar(64) CHARACTER SET utf8 COLLATE utf8_general_ci DEFAULT NULL COMMENT '报送来源ID',
  PRIMARY KEY (`id`) USING BTREE
) ENGINE = InnoDB AUTO_INCREMENT = 11868 CHARACTER SET = utf8 COLLATE = utf8_general_ci ROW_FORMAT = Dynamic;

-- ----------------------------
-- Table structure for template_collect
-- ----------------------------
DROP TABLE IF EXISTS `template_collect`;
CREATE TABLE `template_collect`  (
  `id` int(11) NOT NULL AUTO_INCREMENT,
  `template_id` int(64) NOT NULL COMMENT '模板id',
  `number` varchar(64) CHARACTER SET utf8 COLLATE utf8_general_ci DEFAULT NULL COMMENT '模板编号，可能作为表名',
  `number_sum` int(32) DEFAULT NULL COMMENT '表数量',
  `update_time` datetime(0) DEFAULT NULL COMMENT '更新时间',
  `fill_count` int(11) DEFAULT NULL COMMENT '填报次数',
  `update_user` varchar(50) CHARACTER SET utf8 COLLATE utf8_general_ci DEFAULT NULL COMMENT '更新人',
  `index_count` int(11) NOT NULL COMMENT '指标数量',
  PRIMARY KEY (`id`) USING BTREE
) ENGINE = InnoDB AUTO_INCREMENT = 2885 CHARACTER SET = utf8 COLLATE = utf8_general_ci COMMENT = '模板汇总统计表' ROW_FORMAT = Dynamic;

-- ----------------------------
-- Table structure for template_source
-- ----------------------------
DROP TABLE IF EXISTS `template_source`;
CREATE TABLE `template_source`  (
  `id` varchar(64) CHARACTER SET utf8 COLLATE utf8_general_ci NOT NULL,
  `source_name_cn` varchar(255) CHARACTER SET utf8 COLLATE utf8_general_ci DEFAULT NULL COMMENT '模板源中文名称',
  `source_name_en` varchar(255) CHARACTER SET utf8 COLLATE utf8_general_ci DEFAULT NULL COMMENT '模板源英文名称',
  `update_user` varchar(255) CHARACTER SET utf8 COLLATE utf8_general_ci DEFAULT NULL COMMENT '更新人',
  `update_time` datetime(0) DEFAULT NULL COMMENT '更新时间',
  PRIMARY KEY (`id`) USING BTREE
) ENGINE = InnoDB CHARACTER SET = utf8 COLLATE = utf8_general_ci COMMENT = '模板所属数据库表' ROW_FORMAT = Dynamic;

-- ----------------------------
-- Table structure for data_annex
-- ----------------------------
DROP TABLE IF EXISTS `data_annex`;
CREATE TABLE `data_annex`  (
  `id` varchar(50) CHARACTER SET utf8 COLLATE utf8_general_ci NOT NULL COMMENT '附件id',
  `groupid` varchar(100) CHARACTER SET utf8 COLLATE utf8_general_ci DEFAULT NULL COMMENT '附件组id',
  `old_name` varchar(100) CHARACTER SET utf8 COLLATE utf8_general_ci NOT NULL COMMENT '附件原名',
  `new_name` varchar(100) CHARACTER SET utf8 COLLATE utf8_general_ci NOT NULL COMMENT '附件处理名',
  `file_type` varchar(50) CHARACTER SET utf8 COLLATE utf8_general_ci NOT NULL COMMENT '附件类型',
  `file_size` varchar(50) CHARACTER SET utf8 COLLATE utf8_general_ci DEFAULT NULL COMMENT '文件大小',
  `file_path` varchar(255) CHARACTER SET utf8 COLLATE utf8_general_ci NOT NULL COMMENT '附件绝对路径',
  `url` varchar(255) CHARACTER SET utf8 COLLATE utf8_general_ci NOT NULL COMMENT 'url',
  `md5` varchar(255) CHARACTER SET utf8 COLLATE utf8_general_ci NOT NULL COMMENT 'md5',
  `template_id` int(11) DEFAULT NULL COMMENT '模板id',
  `user_id` varchar(50) CHARACTER SET utf8 COLLATE utf8_general_ci DEFAULT NULL COMMENT '上传人id',
  `import_date` datetime(0) DEFAULT NULL ON UPDATE CURRENT_TIMESTAMP(0) COMMENT '创建日期',
  PRIMARY KEY (`id`) USING BTREE
) ENGINE = InnoDB CHARACTER SET = utf8 COLLATE = utf8_general_ci ROW_FORMAT = Dynamic;

-- ----------------------------
-- Records of template_source
-- ----------------------------
INSERT INTO `template_source` VALUES ('7086118205498833814', '默认数据源', 'report', 'wuyabing', '2020-07-02 17:07:53');

-- ----------------------------
-- View structure for department_view
-- ----------------------------
DROP VIEW IF EXISTS `department_view`;
CREATE ALGORITHM = UNDEFINED DEFINER = `root`@`%` SQL SECURITY DEFINER VIEW `department_view` AS select `a`.`id` AS `id`,`a`.`department_name` AS `department_name`,`a`.`department_code` AS `department_code`,`a`.`parent_department_code` AS `parent_department_code` from `auth_department_info` `a` where (`a`.`parent_department_code` = '1') union select `b`.`id` AS `id`,`a`.`department_name` AS `department_name`,`b`.`parent_department_code` AS `department_code`,`b`.`parent_department_code` AS `parent_department_code` from (`auth_department_info` `a` join `auth_department_info` `b` on((`b`.`parent_department_code` = `a`.`department_code`))) where (`a`.`parent_department_code` = '1');

-- ----------------------------
-- View structure for template_complate_rate
-- ----------------------------
DROP VIEW IF EXISTS `template_complate_rate`;
CREATE ALGORITHM = UNDEFINED DEFINER = `root`@`%` SQL SECURITY DEFINER VIEW `template_complate_rate` AS select `report_data`.`template`.`id` AS `template_id`,`report_data`.`template`.`name` AS `NAME`,if(((to_days(now()) - to_days(`a`.`update_time`)) < `dict`.`dict_sort`),1,0) AS `is_completed` from ((`report_data`.`template` left join `report_data`.`sys_dict_data` `dict` on(((`report_data`.`template`.`fill_in_period` = `dict`.`dict_value`) and (`dict`.`dict_type` = 'FILLIN_PWRIOD')))) left join (select `a`.`template_id` AS `template_id`,`a`.`fill_count` AS `fill_count`,`a`.`update_time` AS `update_time` from (((select `fill`.`template_id` AS `template_id`,max(`fill`.`fill_count`) AS `fill_count` from `report_data`.`table_fill_log` `fill` group by `fill`.`template_id`)) `b` join `report_data`.`table_fill_log` `a` on(((`a`.`template_id` = `b`.`template_id`) and (`a`.`fill_count` = `b`.`fill_count`))))) `a` on((`report_data`.`template`.`id` = `a`.`template_id`))) where (`dict`.`dict_value` <> 'other') union select `report_data`.`template`.`id` AS `template_id`,`report_data`.`template`.`name` AS `NAME`,if((`co`.`number_sum` > 0),1,0) AS `is_completed` from ((`report_data`.`template` left join `report_data`.`sys_dict_data` `dict` on(((`report_data`.`template`.`fill_in_period` = `dict`.`dict_value`) and (`dict`.`dict_type` = 'FILLIN_PWRIOD')))) left join `report_data`.`template_collect` `co` on((`report_data`.`template`.`id` = `co`.`template_id`))) where ((`dict`.`dict_value` = 'other') and (`report_data`.`template`.`is_used` = '0'));

-- ----------------------------
-- Triggers structure for table template
-- ----------------------------
DROP TRIGGER IF EXISTS `delete_template_collect`;
delimiter ;;
CREATE DEFINER = `root`@`%` TRIGGER `delete_template_collect` AFTER DELETE ON `template` FOR EACH ROW delete from template_collect where number=old.number
;;
delimiter ;

-- ----------------------------
-- Triggers structure for table template
-- ----------------------------
DROP TRIGGER IF EXISTS `delete_table_fill_log`;
delimiter ;;
CREATE DEFINER = `root`@`%` TRIGGER `delete_table_fill_log` AFTER DELETE ON `template` FOR EACH ROW delete from table_fill_log where number=old.number
;;
delimiter ;

SET FOREIGN_KEY_CHECKS = 1;
